Ticker Symbol,Period Ending,Cash and Cash Equivalents,Net Income,Total Assets,Total Equity,Total Liabilities,Total Revenue,Earnings Per Share
AAL,2013-12-31,2175000000.0,-1834000000.0,42278000000.0,-2731000000.0,45009000000.0,26743000000.0,-11.25
AAP,2013-12-28,1112471000.0,391758000.0,5564774000.0,1516205000.0,4048569000.0,6493814000.0,5.36
AAPL,2013-09-28,14259000000.0,37037000000.0,207000000000.0,123549000000.0,83451000000.0,170910000000.0,40.03
ABBV,2013-12-31,9595000000.0,4128000000.0,29198000000.0,4492000000.0,24706000000.0,18790000000.0,2.58
ABC,2013-09-30,1231006000.0,433707000.0,18918638000.0,2319745000.0,16598893000.0,87959167000.0,1.88
ABT,2013-12-31,3475000000.0,2576000000.0,42953000000.0,25171000000.0,17782000000.0,19657000000.0,1.64
ADBE,2013-11-29,834556000.0,289985000.0,10380298000.0,6724634000.0,3655664000.0,4055240000.0,0.58
ADI,2013-11-02,392089000.0,673487000.0,6381750000.0,4739576000.0,1642174000.0,2633689000.0,2.19
ADM,2013-12-31,7082000000.0,1342000000.0,43752000000.0,20156000000.0,23558000000.0,89804000000.0,2.03
ADS,2013-12-31,1480171000.0,496170000.0,13244257000.0,855761000.0,12388496000.0,4319063000.0,10.09
ADSK,2013-01-31,1612200000.0,247400000.0,4308400000.0,2043200000.0,2265200000.0,2312200000.0,1.09
AEE,2013-12-31,30000000.0,295000000.0,21042000000.0,6544000000.0,14498000000.0,5838000000.0,1.19
AEP,2013-12-31,188000000.0,1484200000.0,56414000000.0,16085000000.0,40329000000.0,14813500000.0,3.04
AFL,2013-12-31,2543000000.0,3158000000.0,121307000000.0,14620000000.0,106687000000.0,23939000000.0,6.8
AIG,2013-12-31,2241000000.0,9085000000.0,541329000000.0,100470000000.0,440859000000.0,68874000000.0,6.16
AIV,2013-12-31,182788000.0,207290000.0,6079413000.0,967457000.0,5111956000.0,974053000.0,1.4
AIZ,2013-12-31,1717184000.0,488907000.0,29714689000.0,4833479000.0,24881210000.0,9047657000.0,6.38
AJG,2013-12-31,1325500000.0,268600000.0,6860500000.0,2085500000.0,4775000000.0,3179600000.0,2.08
AKAM,2013-12-31,333891000.0,293487000.0,2957685000.0,2629431000.0,328254000.0,1577922000.0,1.65
ALB,2013-12-31,477239000.0,413171000.0,3584797000.0,1627361000.0,1957436000.0,2394270000.0,4.93
ALK,2013-12-31,80000000.0,508000000.0,5838000000.0,2029000000.0,3809000000.0,5156000000.0,7.26
ALL,2013-12-31,675000000.0,2280000000.0,123520000000.0,21480000000.0,102040000000.0,34507000000.0,4.87
ALLE,2013-12-31,267600000.0,32300000.0,2000600000.0,-66100000.0,2066700000.0,2069600000.0,
ALXN,2013-12-31,529857000.0,252895000.0,3317696000.0,2382079000.0,935617000.0,1551346000.0,1.29
AMAT,2013-10-27,1711000000.0,256000000.0,12043000000.0,7088000000.0,4955000000.0,7509000000.0,0.21
AME,2013-12-31,295203000.0,516999000.0,5877902000.0,3136121000.0,2741781000.0,3594136000.0,2.12
AMG,2013-12-31,469600000.0,360500000.0,6318800000.0,2134200000.0,4184600000.0,2069800000.0,6.79
AMGN,2013-12-31,3805000000.0,5081000000.0,66125000000.0,22096000000.0,44029000000.0,18676000000.0,6.75
AMP,2013-12-31,5411000000.0,1334000000.0,144576000000.0,8192000000.0,136384000000.0,11230000000.0,6.56
AMT,2013-12-31,446492000.0,551333000.0,20283665000.0,3534165000.0,16749500000.0,3361407000.0,1.4
AMZN,2013-12-31,8658000000.0,274000000.0,40159000000.0,9746000000.0,30413000000.0,74452000000.0,0.6
AN,2013-12-31,69200000.0,374900000.0,7914100000.0,2061700000.0,5852400000.0,17517600000.0,3.09
ANTM,2013-12-31,1582100000.0,2489700000.0,59574500000.0,24765200000.0,34809300000.0,71023500000.0,8.34
AON,2013-12-31,477000000.0,1113000000.0,30251000000.0,8145000000.0,22106000000.0,11815000000.0,3.57
APA,2013-12-31,1906000000.0,2288000000.0,61637000000.0,33396000000.0,28241000000.0,14771000000.0,5.53
APC,2013-12-31,3698000000.0,801000000.0,55781000000.0,21857000000.0,33924000000.0,14581000000.0,1.58
APD,2013-09-30,450400000.0,994200000.0,17850100000.0,7042100000.0,10808000000.0,10180400000.0,4.74
APH,2013-12-31,886800000.0,635700000.0,6168000000.0,2859500000.0,3308500000.0,4614700000.0,4.0
ARNC,2013-12-31,1437000000.0,-2285000000.0,35742000000.0,10593000000.0,25149000000.0,23032000000.0,-2.14
ATVI,2013-12-31,4410000000.0,1010000000.0,14012000000.0,6622000000.0,7390000000.0,4583000000.0,0.96
AVB,2013-12-31,281355000.0,352771000.0,15328143000.0,8596132000.0,6732011000.0,1462921000.0,2.78
AVY,2013-12-28,351600000.0,213200000.0,4610600000.0,1492200000.0,3118400000.0,6140000000.0,2.19
AWK,2013-12-31,55469000.0,369000000.0,15088142000.0,4727804000.0,10343161000.0,2879000000.0,2.08
AXP,2013-12-31,24004000000.0,5359000000.0,153375000000.0,19496000000.0,133879000000.0,34828000000.0,4.91
AYI,2013-08-31,359100000.0,127400000.0,1903800000.0,993500000.0,910300000.0,2089100000.0,2.97
AZO,2013-08-31,142191000.0,1016480000.0,6892089000.0,-1687319000.0,8579408000.0,9147530000.0,28.28
BA,2013-12-31,9088000000.0,4585000000.0,92663000000.0,14875000000.0,77788000000.0,86623000000.0,6.03
BAC,2013-12-31,577793000000.0,11431000000.0,2102273000000.0,232685000000.0,1869588000000.0,101697000000.0,0.94
BAX,2013-12-31,2733000000.0,2012000000.0,25224000000.0,8463000000.0,16761000000.0,9413000000.0,3.7
BBBY,2013-03-02,564971000.0,1037788000.0,6279952000.0,4079730000.0,2200222000.0,10914585000.0,4.62
BBT,2013-12-31,42370000000.0,1680000000.0,183010000000.0,22759000000.0,160251000000.0,10543000000.0,2.22
BCR,2013-12-31,1083200000.0,689800000.0,5041100000.0,2088200000.0,2952900000.0,3049500000.0,8.54
BDX,2013-09-30,1890000000.0,1293000000.0,12149000000.0,5043000000.0,7106000000.0,8054000000.0,6.63
BHI,2013-12-31,1399000000.0,1096000000.0,27934000000.0,17713000000.0,10221000000.0,22364000000.0,2.47
BIIB,2013-12-31,602562000.0,1862300000.0,11863335000.0,8620242000.0,3243093000.0,6932200000.0,7.86
BK,2013-12-31,155280000000.0,2104000000.0,374516000000.0,37497000000.0,337019000000.0,14942000000.0,1.75
BLL,2013-12-31,416000000.0,406800000.0,7820400000.0,1224600000.0,6595800000.0,8468100000.0,2.79
BMY,2013-12-31,3586000000.0,2563000000.0,38592000000.0,15154000000.0,23438000000.0,16385000000.0,1.56
BSX,2013-12-31,217000000.0,-121000000.0,16571000000.0,6539000000.0,10032000000.0,7143000000.0,-0.09
BWA,2013-12-31,939500000.0,624300000.0,6917000000.0,3560600000.0,3356400000.0,7436600000.0,2.73
BXP,2013-12-31,2365137000.0,749811000.0,20176264000.0,5741153000.0,14383799000.0,2135539000.0,4.87
C,2013-12-31,455927000000.0,13659000000.0,1880382000000.0,204339000000.0,1676043000000.0,67997000000.0,4.35
CAG,2013-05-26,183900000.0,773900000.0,20405300000.0,5264400000.0,15140900000.0,13469300000.0,1.88
CAH,2013-06-30,1901000000.0,334000000.0,25819000000.0,5975000000.0,19844000000.0,101093000000.0,0.98
CAT,2013-12-31,6081000000.0,3789000000.0,84896000000.0,20811000000.0,64085000000.0,55656000000.0,5.87
CB,2013-12-31,579000000.0,3758000000.0,94510000000.0,28825000000.0,65685000000.0,19261000000.0,11.02
CBG,2013-12-31,553067000.0,316538000.0,6998414000.0,1895785000.0,5102629000.0,7184794000.0,0.96
CCI,2013-12-31,406920000.0,90111000.0,20594908000.0,6926717000.0,13668191000.0,2865751000.0,0.26
CCL,2013-11-30,462000000.0,1055000000.0,40104000000.0,24556000000.0,15548000000.0,15456000000.0,1.39
CELG,2013-12-31,3234400000.0,1449900000.0,13378200000.0,5589900000.0,7788300000.0,6493900000.0,3.5
CERN,2013-12-28,202377000.0,398354000.0,4098364000.0,3167664000.0,930700000.0,2910748000.0,1.16
CF,2013-12-31,1864800000.0,1506300000.0,10678100000.0,5076100000.0,5602000000.0,5474700000.0,24.87
CFG,2013-12-31,24235000000.0,-3426000000.0,122154000000.0,19196000000.0,102958000000.0,5133000000.0,
CHD,2013-12-31,496900000.0,394400000.0,4259700000.0,2299900000.0,1959800000.0,3194300000.0,2.85
CHK,2013-12-31,912000000.0,724000000.0,41782000000.0,15995000000.0,23642000000.0,19080000000.0,0.73
CHRW,2013-12-31,162047000.0,415904000.0,2802818000.0,939724000.0,1863094000.0,12752076000.0,2.65
CHTR,2013-12-31,21000000.0,-169000000.0,17295000000.0,151000000.0,17144000000.0,8155000000.0,-1.65
CI,2013-12-31,2795000000.0,1476000000.0,54336000000.0,10567000000.0,43769000000.0,32380000000.0,5.28
CINF,2013-12-31,433000000.0,517000000.0,17662000000.0,6070000000.0,11592000000.0,4531000000.0,3.16
CL,2013-12-31,962000000.0,2241000000.0,13985000000.0,2305000000.0,11680000000.0,17420000000.0,2.41
CLX,2013-06-30,299000000.0,572000000.0,4311000000.0,146000000.0,4165000000.0,5533000000.0,4.37
CMA,2013-12-31,15758000000.0,541000000.0,65224000000.0,7150000000.0,58074000000.0,2666000000.0,2.92
CME,2013-12-31,2469700000.0,976800000.0,54277800000.0,21154800000.0,33123000000.0,2784900000.0,2.94
CMG,2013-12-31,323203000.0,327438000.0,2009280000.0,1538288000.0,470992000.0,3214591000.0,10.58
CMI,2013-12-31,2699000000.0,1483000000.0,14728000000.0,7510000000.0,7218000000.0,17301000000.0,7.93
CMS,2013-12-31,204000000.0,465000000.0,17416000000.0,3454000000.0,13925000000.0,6566000000.0,1.71
CNC,2013-12-31,1038000000.0,165000000.0,3529000000.0,1234000000.0,2295000000.0,10863000000.0,2.98
CNP,2013-12-31,208000000.0,311000000.0,21870000000.0,4329000000.0,17541000000.0,8106000000.0,0.73
COF,2013-12-31,67223000000.0,4121000000.0,296933000000.0,41632000000.0,255301000000.0,24176000000.0,7.05
COG,2013-12-31,51494000.0,279773000.0,4981080000.0,2204602000.0,2776478000.0,1746278000.0,0.67
COL,2013-09-30,391000000.0,632000000.0,5400000000.0,1618000000.0,3782000000.0,4474000000.0,4.63
COO,2013-10-31,77393000.0,296151000.0,3137261000.0,2404535000.0,732726000.0,1587725000.0,6.09
COST,2013-09-01,4644000000.0,2039000000.0,30283000000.0,10833000000.0,19450000000.0,105156000000.0,4.68
CPB,2013-07-28,333000000.0,458000000.0,8323000000.0,1217000000.0,7106000000.0,8052000000.0,1.46
CRM,2013-01-31,747245000.0,-270445000.0,5528956000.0,2317633000.0,3211323000.0,3050195000.0,-1.92
CSCO,2013-07-27,7925000000.0,9983000000.0,101191000000.0,59120000000.0,42071000000.0,48607000000.0,1.87
CSX,2013-12-31,592000000.0,1864000000.0,31782000000.0,10483000000.0,21299000000.0,12026000000.0,
CTAS,2013-05-31,352273000.0,315442000.0,4345632000.0,2201492000.0,2144140000.0,4245964000.0,2.53
CTL,2013-12-31,168000000.0,-239000000.0,51787000000.0,17191000000.0,34596000000.0,18095000000.0,-0.4
CTSH,2013-12-31,2213006000.0,1228600000.0,8134718000.0,6135791000.0,1998927000.0,8843200000.0,4.07
CTXS,2013-12-31,280740000.0,339523000.0,5212249000.0,3319807000.0,1892442000.0,2918434000.0,1.82
CVS,2013-12-31,4089000000.0,4592000000.0,71526000000.0,37938000000.0,33588000000.0,126761000000.0,3.77
CVX,2013-12-31,16245000000.0,21423000000.0,253753000000.0,149113000000.0,104640000000.0,220156000000.0,11.18
CXO,2013-12-31,21000.0,251003000.0,9591164000.0,3757949000.0,5833215000.0,2319919000.0,2.39
D,2013-12-31,936000000.0,1697000000.0,50096000000.0,11642000000.0,38454000000.0,13120000000.0,2.93
DAL,2013-12-31,3429000000.0,10540000000.0,52252000000.0,11643000000.0,40609000000.0,37773000000.0,12.41
DD,2013-12-31,8941000000.0,4848000000.0,51499000000.0,16229000000.0,35270000000.0,28998000000.0,5.22
DE,2013-10-31,3504000000.0,3537300000.0,59521300000.0,10265800000.0,49255500000.0,37795400000.0,9.18
DFS,2013-12-31,11545000000.0,2470000000.0,79340000000.0,10809000000.0,68531000000.0,9370000000.0,4.97
DG,2013-02-01,140809000.0,952662000.0,10367682000.0,4985330000.0,5382352000.0,16022128000.0,2.87
DGX,2013-12-31,187000000.0,849000000.0,8948000000.0,3948000000.0,5000000000.0,7146000000.0,5.58
DHI,2013-09-30,1055200000.0,462700000.0,8856400000.0,4058500000.0,4797900000.0,6259300000.0,1.44
DHR,2013-12-31,3115200000.0,2695000000.0,34672200000.0,22385300000.0,12286900000.0,18283100000.0,3.87
DIS,2013-09-28,3931000000.0,6136000000.0,81241000000.0,45429000000.0,35812000000.0,45041000000.0,3.42
DISCA,2013-12-31,408000000.0,1075000000.0,14979000000.0,6196000000.0,8783000000.0,5535000000.0,3.01
DISCK,2013-12-31,408000000.0,1075000000.0,14979000000.0,6196000000.0,8783000000.0,5535000000.0,
DLPH,2013-12-31,1393000000.0,1212000000.0,11047000000.0,2911000000.0,8136000000.0,15051000000.0,3.9
DLR,2013-12-31,97170000.0,314488000.0,9626830000.0,3610516000.0,6016314000.0,1482259000.0,2.12
DLTR,2013-02-02,399900000.0,619300000.0,2752000000.0,1667300000.0,1084700000.0,7394500000.0,2.7
DNB,2013-12-31,235900000.0,258500000.0,1890300000.0,-1048400000.0,2938700000.0,1558400000.0,6.61
DOV,2013-12-31,803882000.0,1003129000.0,10855181000.0,5377396000.0,5477785000.0,7155096000.0,5.86
DPS,2013-12-31,153000000.0,624000000.0,8201000000.0,2277000000.0,5924000000.0,5997000000.0,3.08
DRI,2013-05-26,88200000.0,411900000.0,6936900000.0,2059500000.0,4877400000.0,5921000000.0,3.19
DUK,2013-12-31,1501000000.0,2665000000.0,114779000000.0,41330000000.0,73449000000.0,22756000000.0,3.77
DVA,2013-12-31,946249000.0,633446000.0,17098877000.0,4432479000.0,12666398000.0,11764050000.0,3.02
DVN,2013-12-31,6066000000.0,-20000000.0,42877000000.0,20499000000.0,22378000000.0,10397000000.0,-0.06
EA,2013-03-31,1292000000.0,98000000.0,5070000000.0,2267000000.0,2803000000.0,3797000000.0,0.32
EBAY,2013-12-31,4494000000.0,2856000000.0,41488000000.0,23647000000.0,17841000000.0,8257000000.0,2.2
ECL,2013-12-31,339200000.0,967800000.0,19636500000.0,7344300000.0,12292200000.0,13253400000.0,3.23
ED,2013-12-31,674000000.0,1062000000.0,40647000000.0,12245000000.0,28402000000.0,12354000000.0,3.62
EFX,2013-12-31,235900000.0,351800000.0,4539900000.0,2300700000.0,2239200000.0,2303900000.0,2.9
EIX,2013-12-31,146000000.0,1015000000.0,46646000000.0,9938000000.0,36708000000.0,12581000000.0,2.81
EL,2013-06-30,1495700000.0,1019800000.0,7145200000.0,3286900000.0,3843300000.0,10181700000.0,2.63
EMN,2013-12-31,237000000.0,1165000000.0,11845000000.0,3796000000.0,8049000000.0,9350000000.0,7.57
EMR,2013-09-30,3275000000.0,2004000000.0,24711000000.0,10585000000.0,14126000000.0,24669000000.0,2.78
EOG,2013-12-31,1318209000.0,2197109000.0,30574238000.0,15418459000.0,15155779000.0,14487118000.0,8.13
EQIX,2013-12-31,261894000.0,94685000.0,7492359000.0,2459064000.0,5033295000.0,2152766000.0,1.92
EQR,2013-12-31,157101000.0,1830613000.0,22834545000.0,10507201000.0,12327344000.0,2387702000.0,5.155
EQT,2013-12-31,845641000.0,390572000.0,9792053000.0,4034788000.0,5757265000.0,1859177000.0,2.59
ES,2013-12-31,43364000.0,786007000.0,27795537000.0,9611528000.0,18184009000.0,7301204000.0,2.49
ESS,2013-12-31,53766000.0,156283000.0,5186839000.0,1884619000.0,3302220000.0,610590000.0,4.06
ETFC,2013-12-31,2904000000.0,86000000.0,46280000000.0,4856000000.0,41424000000.0,1466000000.0,0.3
ETN,2013-12-31,915000000.0,1861000000.0,35491000000.0,16791000000.0,18628000000.0,22046000000.0,3.93
ETR,2013-12-31,739126000.0,730572000.0,43406446000.0,9726466000.0,33679980000.0,11390947000.0,3.99
EW,2013-12-31,420400000.0,389100000.0,2709900000.0,1544400000.0,1165500000.0,2045500000.0,3.51
EXC,2013-12-31,1776000000.0,1729000000.0,79924000000.0,22925000000.0,56999000000.0,24888000000.0,0.6
EXPD,2013-12-31,1247652000.0,348526000.0,3014812000.0,2084783000.0,930029000.0,6080257000.0,1.69
EXPE,2013-12-31,1047075000.0,232850000.0,7739481000.0,2145464000.0,5594017000.0,4771259000.0,1.73
EXR,2013-12-31,148174000.0,309931000.0,3977140000.0,1758470000.0,2218670000.0,520613000.0,1.54
F,2013-12-31,14468000000.0,11953000000.0,202179000000.0,26112000000.0,176067000000.0,146917000000.0,1.82
FAST,2013-12-31,58506000.0,448636000.0,2075784000.0,1772697000.0,303087000.0,3326106000.0,1.51
FB,2013-12-31,3323000000.0,1491000000.0,17895000000.0,15470000000.0,2425000000.0,7872000000.0,0.62
FBHS,2013-12-31,241400000.0,229700000.0,4178100000.0,2649400000.0,1528700000.0,3703600000.0,1.39
FCX,2013-12-31,1985000000.0,2680000000.0,63473000000.0,20934000000.0,42539000000.0,20921000000.0,2.65
FDX,2013-05-31,4917000000.0,2716000000.0,33567000000.0,17398000000.0,16169000000.0,44287000000.0,4.95
FE,2013-12-31,218000000.0,392000000.0,50424000000.0,12692000000.0,37732000000.0,14892000000.0,0.94
FFIV,2013-09-30,189693000.0,277314000.0,2230554000.0,1538712000.0,691842000.0,1481314000.0,3.53
FIS,2013-12-31,547500000.0,517700000.0,13960100000.0,6580500000.0,7379600000.0,6063400000.0,1.7
FISV,2013-12-31,400000000.0,648000000.0,9513000000.0,3585000000.0,5928000000.0,4814000000.0,2.47
FL,2013-02-02,880000000.0,397000000.0,3367000000.0,2377000000.0,990000000.0,6182000000.0,2.62
FLIR,2013-12-31,542476000.0,177015000.0,2343359000.0,1613380000.0,729979000.0,1496372000.0,1.24
FLR,2013-12-31,2283582000.0,667711000.0,8323850000.0,3756987000.0,4566863000.0,27351573000.0,4.11
FLS,2013-12-31,363804000.0,485530000.0,5036733000.0,1870379000.0,3166354000.0,4954619000.0,3.43
FMC,2013-12-31,123200000.0,293900000.0,5235200000.0,1519800000.0,3715400000.0,3130700000.0,2.16
FRT,2013-12-31,88927000.0,162681000.0,4219294000.0,1448160000.0,2771134000.0,637413000.0,2.47
FSLR,2013-12-31,1325072000.0,350718000.0,6883502000.0,4503117000.0,2380385000.0,3309616000.0,3.77
FTR,2013-12-31,880039000.0,-47000000.0,16635484000.0,4055481000.0,12580003000.0,4762000000.0,0.11
GD,2013-12-31,5301000000.0,2357000000.0,35494000000.0,14501000000.0,20993000000.0,30930000000.0,6.72
GGP,2013-12-31,577271000.0,302528000.0,25762303000.0,8103121000.0,17659182000.0,2486017000.0,
GILD,2013-12-31,2113000000.0,3075000000.0,22579000000.0,11370000000.0,11209000000.0,11202000000.0,2.01
GIS,2013-05-26,741400000.0,1855200000.0,22658000000.0,6672200000.0,15985800000.0,17774100000.0,2.86
GLW,2013-12-31,4704000000.0,1961000000.0,28478000000.0,21162000000.0,7316000000.0,7819000000.0,1.35
GM,2013-12-31,21268000000.0,5346000000.0,166344000000.0,42607000000.0,123737000000.0,155427000000.0,2.71
GPC,2013-12-31,196893000.0,684959000.0,7680297000.0,3349074000.0,4331223000.0,14077843000.0,4.43
GPN,2013-05-31,680470000.0,216125000.0,3125056000.0,1146085000.0,1978971000.0,2375923000.0,2.78
GPS,2013-02-02,1460000000.0,1135000000.0,7470000000.0,2894000000.0,4576000000.0,15651000000.0,2.35
GRMN,2013-12-28,1179149000.0,612412000.0,4879603000.0,3659706000.0,1219897000.0,2631851000.0,3.13
GT,2013-12-31,2996000000.0,629000000.0,17527000000.0,1606000000.0,15921000000.0,19540000000.0,2.44
GWW,2013-12-31,430644000.0,797036000.0,5266328000.0,3250438000.0,2015890000.0,9437758000.0,11.31
HAL,2013-12-31,2356000000.0,2125000000.0,29223000000.0,13581000000.0,15642000000.0,29402000000.0,2.37
HAR,2013-06-30,454258000.0,142407000.0,3235685000.0,1644871000.0,1590814000.0,4297842000.0,
HAS,2013-12-29,682449000.0,286198000.0,4402267000.0,1682343000.0,2719924000.0,4082157000.0,2.2
HBAN,2013-12-31,12239168000.0,641282000.0,59467174000.0,6090153000.0,53377021000.0,2872833000.0,0.73
HBI,2013-12-28,115863000.0,330494000.0,4090048000.0,1230623000.0,2859425000.0,4627802000.0,3.31
HCA,2013-12-31,414000000.0,1556000000.0,28831000000.0,-8270000000.0,37101000000.0,34182000000.0,3.5
HCN,2013-12-31,231601000.0,145959000.0,23083957000.0,11414583000.0,11669374000.0,2847945000.0,0.28
HCP,2013-12-31,337785000.0,970837000.0,20075870000.0,10723300000.0,9352570000.0,2013719000.0,2.13
HD,2013-02-03,2494000000.0,4535000000.0,41084000000.0,17777000000.0,23307000000.0,74754000000.0,3.03
HES,2013-12-31,1814000000.0,5052000000.0,42754000000.0,24720000000.0,18034000000.0,11905000000.0,15.01
HIG,2013-12-31,1428000000.0,176000000.0,277884000000.0,18905000000.0,258979000000.0,20673000000.0,0.37
HOG,2013-12-31,1211419000.0,733993000.0,9405040000.0,3009486000.0,6395554000.0,5899872000.0,3.3
HOLX,2013-09-28,829400000.0,-1172800000.0,9000800000.0,1941500000.0,7059300000.0,2492300000.0,-4.36
HON,2013-12-31,6422000000.0,3924000000.0,45435000000.0,17467000000.0,27968000000.0,39055000000.0,4.99
HP,2013-09-30,447868000.0,736639000.0,6264827000.0,4443727000.0,1821100000.0,3387614000.0,6.89
HPQ,2013-10-31,12163000000.0,5113000000.0,105676000000.0,27269000000.0,78407000000.0,112298000000.0,2.64
HRB,2013-04-30,1865421000.0,433948000.0,4537779000.0,1263547000.0,3274232000.0,2807114000.0,1.59
HRL,2013-10-27,434014000.0,526211000.0,4915880000.0,3311040000.0,1604840000.0,8751654000.0,1.99
HRS,2013-06-28,321000000.0,113000000.0,4858400000.0,1561300000.0,3297200000.0,5112000000.0,1.01
HSIC,2013-12-28,188616000.0,431554000.0,5624636000.0,2785197000.0,2839439000.0,9560647000.0,5.02
HST,2013-12-31,893000000.0,317000000.0,12814000000.0,7228000000.0,5586000000.0,5166000000.0,0.16
HSY,2013-12-31,1118508000.0,820470000.0,5357488000.0,1604834000.0,3752654000.0,7146079000.0,
HUM,2013-12-31,1138000000.0,1231000000.0,20735000000.0,9316000000.0,11419000000.0,41313000000.0,7.81
IBM,2013-12-31,10716000000.0,16483000000.0,126223000000.0,22792000000.0,103431000000.0,98367000000.0,15.06
IDXX,2013-12-31,279058000.0,187800000.0,1230516000.0,518186000.0,712330000.0,1377058000.0,3.53
IFF,2013-12-31,405505000.0,353544000.0,3331731000.0,1463072000.0,1864680000.0,2952896000.0,4.32
ILMN,2013-12-29,711637000.0,125308000.0,3019006000.0,1533202000.0,1485804000.0,1421178000.0,1.0
INTC,2013-12-28,5674000000.0,9620000000.0,92358000000.0,58256000000.0,34102000000.0,52708000000.0,1.94
INTU,2013-07-31,1009000000.0,858000000.0,5486000000.0,3531000000.0,1955000000.0,3946000000.0,2.89
IP,2013-12-31,1802000000.0,1395000000.0,31528000000.0,8105000000.0,23423000000.0,23483000000.0,3.15
IPG,2013-12-31,1636800000.0,267900000.0,12905000000.0,2215200000.0,10689800000.0,7122300000.0,0.62
IRM,2013-12-31,154386000.0,96462000.0,6653005000.0,1041238000.0,5611767000.0,3024623000.0,0.51
ISRG,2013-12-31,782100000.0,671000000.0,3950300000.0,3501400000.0,448900000.0,2265100000.0,17.12
ITW,2013-12-31,3618000000.0,1679000000.0,19966000000.0,9703000000.0,10257000000.0,14135000000.0,3.76
IVZ,2013-12-31,1914800000.0,940300000.0,19270500000.0,8392600000.0,10877900000.0,4644600000.0,2.1
JBHT,2013-12-31,5831000.0,342382000.0,2819404000.0,1012452000.0,1806952000.0,5584571000.0,2.92
JEC,2013-09-27,1256405000.0,423093000.0,7274144000.0,4213097000.0,3061047000.0,11818376000.0,3.27
JNPR,2013-12-31,2284000000.0,439800000.0,10326000000.0,7302200000.0,3023800000.0,4669100000.0,0.88
JPM,2013-12-31,603938000000.0,17886000000.0,2415689000000.0,211178000000.0,2204511000000.0,97142000000.0,4.39
JWN,2013-02-02,1285000000.0,735000000.0,8089000000.0,1913000000.0,6176000000.0,12134000000.0,3.62
K,2013-12-28,273000000.0,1807000000.0,15474000000.0,3545000000.0,11929000000.0,14792000000.0,4.98
KEY,2013-09-30,553437000.0,-33868000.0,1986789000.0,240550000.0,1746239000.0,1287577000.0,
KIM,2013-12-31,148768000.0,236281000.0,9663630000.0,4632417000.0,5031213000.0,861527000.0,0.43
KLAC,2013-06-30,985390000.0,543149000.0,5287357000.0,3482152000.0,1805205000.0,2842781000.0,3.27
KMB,2013-12-31,1054000000.0,2142000000.0,18919000000.0,4856000000.0,14063000000.0,19561000000.0,5.58
KMI,2013-12-31,598000000.0,1193000000.0,75185000000.0,13093000000.0,62092000000.0,14070000000.0,
KMX,2013-02-28,673651000.0,434284000.0,9888602000.0,3019167000.0,6869435000.0,10962818000.0,1.9
KO,2013-12-31,10414000000.0,8584000000.0,90055000000.0,33173000000.0,56882000000.0,46854000000.0,1.94
KORS,2013-03-30,472511000.0,397602000.0,1289565000.0,1047246000.0,242319000.0,2181732000.0,2.02
KR,2013-02-02,238000000.0,1497000000.0,24634000000.0,4207000000.0,20427000000.0,96619000000.0,2.78
KSS,2013-02-02,537000000.0,986000000.0,13905000000.0,6048000000.0,7857000000.0,19279000000.0,4.19
KSU,2013-12-31,429500000.0,351400000.0,7435400000.0,3370600000.0,4064800000.0,2369300000.0,3.19
LB,2013-02-02,773000000.0,753000000.0,6019000000.0,-1015000000.0,7034000000.0,10459000000.0,2.6
LEG,2013-12-31,272700000.0,199700000.0,3108100000.0,1391300000.0,1708900000.0,3477200000.0,1.36
LEN,2013-11-30,935663000.0,479674000.0,11273247000.0,4168901000.0,7104346000.0,5935095000.0,2.48
LH,2013-12-31,404000000.0,573800000.0,6965900000.0,2491300000.0,4474600000.0,5808300000.0,6.36
LKQ,2013-12-31,150488000.0,311623000.0,4518774000.0,2350745000.0,2168029000.0,5062528000.0,
LLL,2013-12-31,500000000.0,751000000.0,14007000000.0,5981000000.0,8026000000.0,11420000000.0,8.7
LLTC,2013-06-30,126650000.0,406925000.0,2098341000.0,981908000.0,1116433000.0,1282236000.0,1.72
LLY,2013-12-31,3830200000.0,4684800000.0,35248700000.0,17631400000.0,17608000000.0,23113100000.0,4.33
LMT,2013-12-31,2617000000.0,2981000000.0,36188000000.0,4918000000.0,31270000000.0,45358000000.0,9.29
LNT,2013-12-31,9800000.0,376200000.0,11112400000.0,3481400000.0,7631000000.0,3276800000.0,3.23
LOW,2013-02-01,541000000.0,1959000000.0,32666000000.0,13857000000.0,18809000000.0,50521000000.0,1.69
LRCX,2013-06-30,1162473000.0,113879000.0,7250315000.0,4488872000.0,2574523000.0,3598916000.0,0.67
LUK,2013-12-31,7524197000.0,362193000.0,47866781000.0,10102462000.0,37639319000.0,9531778000.0,1.07
LUV,2013-12-31,1355000000.0,754000000.0,19345000000.0,7336000000.0,12009000000.0,17699000000.0,1.06
LVLT,2013-12-31,638000000.0,-109000000.0,12874000000.0,1411000000.0,11463000000.0,6313000000.0,-0.49
LYB,2013-12-31,4460000000.0,3857000000.0,27298000000.0,12478000000.0,14820000000.0,44062000000.0,6.8
M,2013-02-02,1836000000.0,1335000000.0,20991000000.0,6051000000.0,14940000000.0,27686000000.0,3.29
MA,2013-12-31,5233000000.0,3116000000.0,14242000000.0,7484000000.0,6758000000.0,8312000000.0,2.57
MAA,2013-12-31,133694000.0,119279000.0,6841925000.0,2946811000.0,3895114000.0,635490000.0,2.27
MAC,2013-12-31,86558000.0,420090000.0,9075250000.0,3358749000.0,5716501000.0,1029475000.0,3.01
MAR,2013-12-31,126000000.0,626000000.0,6794000000.0,-1415000000.0,8209000000.0,12784000000.0,2.05
MAS,2013-12-31,1223000000.0,288000000.0,6957000000.0,559000000.0,6398000000.0,6761000000.0,0.76
MAT,2013-12-31,1039216000.0,903944000.0,6439626000.0,3251559000.0,3188067000.0,6484892000.0,2.61
MCD,2013-12-31,2798700000.0,5585900000.0,36626300000.0,16009700000.0,20616600000.0,28105700000.0,5.59
MCHP,2013-03-31,528334000.0,127389000.0,3851405000.0,1933470000.0,1917935000.0,1581623000.0,0.65
MCK,2013-03-31,2456000000.0,1338000000.0,34786000000.0,7070000000.0,27716000000.0,122196000000.0,5.71
MCO,2013-12-31,1919500000.0,804500000.0,4395100000.0,337000000.0,4058100000.0,2972500000.0,3.67
MDLZ,2013-12-31,2622000000.0,3915000000.0,72515000000.0,32373000000.0,40142000000.0,35299000000.0,2.21
MET,2013-12-31,7585000000.0,3368000000.0,885296000000.0,61553000000.0,823743000000.0,68199000000.0,2.94
MHK,2013-12-31,54066000.0,348786000.0,8494177000.0,4461057000.0,4033120000.0,7348754000.0,4.86
MJN,2013-12-31,1050800000.0,683800000.0,3474100000.0,291800000.0,3182300000.0,4200700000.0,3.2
MKC,2013-11-30,63000000.0,389000000.0,4449700000.0,1932500000.0,2517200000.0,4123400000.0,2.94
MLM,2013-12-31,42437000.0,121337000.0,3259826000.0,1537877000.0,1721949000.0,2155551000.0,2.62
MMC,2013-12-31,2303000000.0,1357000000.0,16980000000.0,7905000000.0,9075000000.0,12261000000.0,2.47
MMM,2013-12-31,2581000000.0,4659000000.0,33550000000.0,17502000000.0,16048000000.0,30871000000.0,6.83
MNST,2013-12-31,211349000.0,338661000.0,1420509000.0,992279000.0,428230000.0,2246428000.0,
MO,2013-12-31,3175000000.0,4535000000.0,34859000000.0,4119000000.0,30740000000.0,24466000000.0,2.26
MON,2013-08-31,3668000000.0,2482000000.0,20664000000.0,12559000000.0,8105000000.0,14861000000.0,4.65
MOS,2013-05-31,3697100000.0,1888700000.0,18086000000.0,13425400000.0,4660600000.0,9974100000.0,4.44
MPC,2013-12-31,2292000000.0,2112000000.0,28385000000.0,10920000000.0,17465000000.0,100160000000.0,6.69
MRK,2013-12-31,15621000000.0,4404000000.0,105645000000.0,49765000000.0,55880000000.0,44033000000.0,1.49
MRO,2013-12-31,264000000.0,1753000000.0,35620000000.0,19344000000.0,16276000000.0,11325000000.0,2.49
MSFT,2013-06-30,3804000000.0,21863000000.0,142431000000.0,78944000000.0,63487000000.0,77849000000.0,2.61
MTB,2013-12-31,12496700000.0,1138480000.0,85162391000.0,11305532000.0,73856859000.0,4822539000.0,8.26
MTD,2013-12-31,111874000.0,306094000.0,2152819000.0,935052000.0,1217767000.0,2378972000.0,10.22
MU,2013-08-29,3436000000.0,1190000000.0,19118000000.0,9142000000.0,9976000000.0,9073000000.0,1.16
MUR,2013-12-31,750155000.0,1123473000.0,17509484000.0,8595730000.0,8913754000.0,5312686000.0,5.98
NAVI,2013-12-31,6082000000.0,1418000000.0,159543000000.0,5637000000.0,153906000000.0,6263000000.0,
NBL,2013-12-31,1117000000.0,978000000.0,19642000000.0,9184000000.0,10458000000.0,5015000000.0,2.72
NDAQ,2013-12-31,482000000.0,385000000.0,12577000000.0,6184000000.0,6393000000.0,3100000000.0,2.3
NEE,2013-12-31,438000000.0,1908000000.0,69306000000.0,18040000000.0,51266000000.0,15136000000.0,4.5
NEM,2013-12-31,1555000000.0,-2534000000.0,24607000000.0,9993000000.0,14614000000.0,8414000000.0,-4.94
NFLX,2013-12-31,604965000.0,112403000.0,5412563000.0,1333561000.0,4079002000.0,4374562000.0,1.93
NFX,2013-12-31,185000000.0,147000000.0,9321000000.0,2956000000.0,6365000000.0,1857000000.0,0.94
NKE,2013-05-31,3337000000.0,2472000000.0,17545000000.0,11081000000.0,6464000000.0,25313000000.0,
NLSN,2013-12-31,564000000.0,740000000.0,15530000000.0,5729000000.0,9801000000.0,5703000000.0,1.97
NOV,2013-12-31,3436000000.0,2327000000.0,34812000000.0,22230000000.0,12582000000.0,19221000000.0,5.46
NSC,2013-12-31,1443000000.0,1910000000.0,32483000000.0,11289000000.0,21194000000.0,11245000000.0,6.1
NTAP,2013-04-26,3277100000.0,505300000.0,11242400000.0,4717500000.0,6524900000.0,6332400000.0,1.4
NTRS,2013-12-31,66721200000.0,731300000.0,102947300000.0,7912000000.0,95035300000.0,4311700000.0,3.01
NUE,2013-12-31,1483252000.0,488025000.0,15203283000.0,7645769000.0,7557514000.0,19052046000.0,1.52
NVDA,2013-01-27,732786000.0,562536000.0,6412245000.0,4827703000.0,1584542000.0,4280159000.0,0.91
NWL,2013-12-31,226300000.0,474600000.0,6069700000.0,2071500000.0,3998200000.0,5607000000.0,1.64
NWS,2013-06-30,2381000000.0,506000000.0,15643000000.0,12558000000.0,3065000000.0,8891000000.0,
NWSA,2013-06-30,2381000000.0,506000000.0,15643000000.0,12558000000.0,3065000000.0,8891000000.0,
O,2013-12-31,10257000.0,245564000.0,9924441000.0,5385447000.0,4538994000.0,780209000.0,1.06
OKE,2013-12-31,145565000.0,266533000.0,17741481000.0,2337851000.0,15403630000.0,11871879000.0,1.29
OMC,2013-12-31,2710500000.0,991100000.0,22098700000.0,3582400000.0,18516300000.0,14584500000.0,3.73
ORLY,2013-12-31,231318000.0,670292000.0,6067208000.0,1966321000.0,4100887000.0,6649237000.0,6.14
OXY,2013-12-31,3393000000.0,5903000000.0,69443000000.0,43126000000.0,26317000000.0,20170000000.0,7.33
PAYX,2013-05-31,4179800000.0,569000000.0,6163700000.0,1773700000.0,4390000000.0,2326200000.0,1.56
PBCT,2013-12-31,5383500000.0,232400000.0,33213700000.0,4568400000.0,28645300000.0,1346100000.0,0.74
PBI,2013-12-31,907806000.0,142835000.0,6772708000.0,205176000.0,6567532000.0,3791335000.0,0.71
PCAR,2013-12-31,1750100000.0,1171300000.0,20725500000.0,6634300000.0,11617400000.0,16661000000.0,3.31
PCG,2013-12-31,597000000.0,828000000.0,55605000000.0,14342000000.0,41011000000.0,15598000000.0,1.83
PCLN,2013-12-31,1300470000.0,1892663000.0,10444460000.0,6909729000.0,3534731000.0,6793306000.0,37.17
PDCO,2013-04-27,505228000.0,210272000.0,2681778000.0,1394455000.0,1287323000.0,3637212000.0,2.04
PEG,2013-12-31,493000000.0,1243000000.0,32522000000.0,11608000000.0,20914000000.0,9968000000.0,2.46
PEP,2013-12-28,9375000000.0,6740000000.0,77478000000.0,24409000000.0,53069000000.0,66415000000.0,4.37
PFE,2013-12-31,2183000000.0,22003000000.0,172101000000.0,76307000000.0,95794000000.0,51584000000.0,3.23
PFG,2013-12-31,2371800000.0,912700000.0,208191400000.0,9684200000.0,198507200000.0,9289500000.0,2.99
PG,2013-12-31,535608000.0,413738000.0,2951013000.0,1952076000.0,998937000.0,2104745000.0,
PGR,2013-12-31,75100000.0,1165400000.0,24408200000.0,6189500000.0,18218700000.0,18170900000.0,1.95
PH,2013-06-30,1781412000.0,948427000.0,12540898000.0,5738426000.0,6802472000.0,13015704000.0,6.36
PHM,2013-12-31,1653044000.0,2620116000.0,8734143000.0,4648952000.0,4085191000.0,5679595000.0,6.79
PKI,2013-12-29,173242000.0,167212000.0,3946712000.0,1994487000.0,1952225000.0,2157586000.0,1.49
PM,2013-12-31,2154000000.0,8576000000.0,38168000000.0,-7766000000.0,45934000000.0,80029000000.0,5.26
PNC,2013-12-31,92091000000.0,4201000000.0,320192000000.0,42334000000.0,277858000000.0,16872000000.0,7.48
PNR,2013-12-31,256000000.0,536800000.0,11743300000.0,6095300000.0,5648000000.0,6999700000.0,2.67
PNW,2013-12-31,9526000.0,406074000.0,13508686000.0,4194470000.0,9314216000.0,3454628000.0,3.69
PPG,2013-12-31,1116000000.0,3231000000.0,15863000000.0,4932000000.0,10931000000.0,14265000000.0,22.53
PPL,2013-12-31,1185000000.0,1130000000.0,46259000000.0,12466000000.0,33793000000.0,7263000000.0,1.85
PRU,2013-12-31,11439000000.0,-667000000.0,731781000000.0,35278000000.0,696503000000.0,41461000000.0,-1.55
PSX,2013-12-31,5400000000.0,3726000000.0,49798000000.0,21950000000.0,27848000000.0,171596000000.0,6.07
PVH,2013-02-03,892209000.0,433800000.0,7731687000.0,3252569000.0,4479118000.0,6043000000.0,5.98
PWR,2013-12-31,488777000.0,421309000.0,5793245000.0,4234188000.0,1559057000.0,6411577000.0,1.87
PX,2013-12-31,138000000.0,1755000000.0,20255000000.0,6609000000.0,13646000000.0,11925000000.0,5.94
QCOM,2013-09-29,6142000000.0,6853000000.0,45516000000.0,36088000000.0,9428000000.0,24866000000.0,3.99
R,2013-12-31,61562000.0,237871000.0,9103782000.0,1896714000.0,7207068000.0,6419285000.0,4.57
RCL,2013-12-31,380377000.0,473692000.0,20072947000.0,8808265000.0,11264682000.0,7959894000.0,2.16
REGN,2013-12-31,535608000.0,413738000.0,2951013000.0,1952076000.0,998937000.0,2104745000.0,4.33
RHI,2013-12-31,275764000.0,252195000.0,1490271000.0,919643000.0,570628000.0,4245895000.0,1.85
RHT,2013-02-28,487084000.0,150204000.0,2813660000.0,1520161000.0,1293499000.0,1328817000.0,0.78
RL,2013-03-30,974000000.0,750000000.0,5418000000.0,3785000000.0,1633000000.0,6945000000.0,8.21
ROK,2013-09-30,1200900000.0,756300000.0,5844600000.0,2585500000.0,3259100000.0,6351900000.0,5.43
ROP,2013-12-31,459720000.0,538293000.0,8184981000.0,4213050000.0,3971931000.0,3238128000.0,5.43
ROST,2013-02-02,646761000.0,786763000.0,3670561000.0,1766863000.0,1903698000.0,9721065000.0,3.59
RRC,2013-12-31,348000.0,115722000.0,7299086000.0,2414452000.0,4884634000.0,1832253000.0,0.71
RSG,2013-12-31,213300000.0,588900000.0,19949200000.0,7903500000.0,12045700000.0,8417200000.0,1.63
SBUX,2013-09-29,2575700000.0,8300000.0,11516700000.0,4480200000.0,7036500000.0,14866800000.0,0.01
SCG,2013-12-31,136000000.0,471000000.0,15164000000.0,4664000000.0,10500000000.0,4495000000.0,3.4
SCHW,2013-12-31,31281000000.0,1071000000.0,143642000000.0,10381000000.0,133261000000.0,5435000000.0,0.78
SE,2013-12-31,201000000.0,1038000000.0,33533000000.0,8494000000.0,25039000000.0,5518000000.0,1.55
SEE,2013-12-31,992400000.0,125800000.0,9176000000.0,1414900000.0,7761100000.0,7690800000.0,0.64
SHW,2013-12-31,744889000.0,752561000.0,6382507000.0,1774535000.0,4607972000.0,10185532000.0,7.41
SIG,2013-02-02,301000000.0,359900000.0,3719000000.0,2329900000.0,1389100000.0,3983400000.0,4.37
SJM,2013-04-30,256400000.0,544200000.0,9031800000.0,5148800000.0,3883000000.0,5897700000.0,5.0
SLG,2013-12-31,1653582000.0,135371000.0,14959001000.0,6525405000.0,8433596000.0,1371065000.0,0.39
SNA,2013-12-31,217600000.0,350300000.0,4110000000.0,2113200000.0,1996800000.0,3237500000.0,
SNI,2013-12-31,686371000.0,505070000.0,4438447000.0,2099003000.0,2339444000.0,2530809000.0,3.43
SO,2013-12-31,659000000.0,1710000000.0,64546000000.0,19764000000.0,44407000000.0,17087000000.0,1.88
SPG,2013-12-31,1691006000.0,1551590000.0,33324574000.0,5849406000.0,27475168000.0,4543849000.0,4.24
SPGI,2013-12-31,1542000000.0,1376000000.0,6061000000.0,1301000000.0,4760000000.0,4702000000.0,5.01
SPLS,2013-02-02,1334302000.0,-210706000.0,12280005000.0,6128153000.0,6151852000.0,24380510000.0,-0.31
SRCL,2013-12-31,67167000.0,311372000.0,3887973000.0,1750461000.0,2137512000.0,2142807000.0,3.62
SRE,2013-12-31,928000000.0,1009000000.0,37244000000.0,11008000000.0,26236000000.0,10557000000.0,4.1
STI,2013-12-31,32845000000.0,1344000000.0,175335000000.0,21422000000.0,153913000000.0,8602000000.0,2.43
STT,2013-12-31,191464000000.0,2050000000.0,243291000000.0,20378000000.0,222913000000.0,10275000000.0,4.71
STX,2013-06-28,1809000000.0,1838000000.0,9243000000.0,3495000000.0,5748000000.0,14351000000.0,4.97
STZ,2013-02-28,331500000.0,387800000.0,7638100000.0,2860300000.0,4777800000.0,2796100000.0,
SWK,2013-12-28,496200000.0,469700000.0,16535100000.0,6799200000.0,9735900000.0,10889500000.0,3.16
SWKS,2013-09-27,511100000.0,278100000.0,2333100000.0,2101100000.0,232000000.0,1792000000.0,1.48
SWN,2013-12-31,23000000.0,704000000.0,8048000000.0,3622000000.0,4426000000.0,3371000000.0,2.01
SYF,2013-12-31,2555000000.0,1979000000.0,59085000000.0,5960000000.0,53125000000.0,11813000000.0,
SYK,2013-12-31,1339000000.0,1006000000.0,15743000000.0,9047000000.0,6696000000.0,9021000000.0,2.66
SYMC,2013-03-29,4685000000.0,755000000.0,14508000000.0,5476000000.0,9032000000.0,6906000000.0,1.09
SYY,2013-06-29,412285000.0,992427000.0,12678208000.0,5191810000.0,7486398000.0,44411233000.0,1.68
T,2013-12-31,3339000000.0,18418000000.0,277787000000.0,90988000000.0,186799000000.0,128752000000.0,3.39
TAP,2013-12-31,442300000.0,567300000.0,15580100000.0,8605200000.0,6974900000.0,4206100000.0,3.1
TDC,2013-12-31,695000000.0,377000000.0,3096000000.0,1857000000.0,1239000000.0,2692000000.0,2.31
TDG,2013-09-30,564740000.0,302789000.0,6148879000.0,-336381000.0,6485260000.0,1924400000.0,-0.2
TEL,2013-09-27,1403000000.0,1276000000.0,18461000000.0,8380000000.0,10081000000.0,11390000000.0,3.05
TGNA,2013-12-29,469203000.0,388680000.0,9240706000.0,2693098000.0,6547608000.0,1603123000.0,1.7
TGT,2013-02-02,784000000.0,2999000000.0,48163000000.0,16558000000.0,31605000000.0,73301000000.0,4.57
TIF,2013-01-31,504838000.0,416157000.0,4630850000.0,2598732000.0,2032118000.0,3794249000.0,3.28
TJX,2013-02-02,1811957000.0,1906687000.0,9511855000.0,3665937000.0,5845918000.0,25878372000.0,2.6
TMK,2013-12-31,36943000.0,528472000.0,18191744000.0,3776342000.0,14415402000.0,3494253000.0,5.76
TMO,2013-12-31,5826000000.0,1273300000.0,31863400000.0,16856100000.0,15007300000.0,13090300000.0,3.53
TRIP,2013-12-31,351000000.0,205000000.0,1473000000.0,865000000.0,608000000.0,945000000.0,1.44
TRV,2013-12-31,294000000.0,3673000000.0,103812000000.0,24796000000.0,79016000000.0,26191000000.0,9.84
TSCO,2013-12-28,142743000.0,328234000.0,1903391000.0,1246894000.0,656497000.0,5164784000.0,2.35
TSN,2013-10-03,1145000000.0,778000000.0,12177000000.0,6201000000.0,5976000000.0,34374000000.0,
TSO,2013-12-31,1238000000.0,412000000.0,13389000000.0,4302000000.0,9087000000.0,37601000000.0,3.05
TSS,2013-12-31,247700000.0,256597000.0,3686568000.0,1581077000.0,2105491000.0,2064305000.0,1.3
TXN,2013-12-31,1627000000.0,2162000000.0,18938000000.0,10807000000.0,8131000000.0,12205000000.0,1.94
TXT,2013-12-28,1211000000.0,498000000.0,12944000000.0,4384000000.0,8560000000.0,12104000000.0,1.78
UA,2013-12-31,347489000.0,162330000.0,1577741000.0,1053354000.0,524387000.0,2332051000.0,1.54
UAA,2013-12-31,347489000.0,162330000.0,1577741000.0,1053354000.0,524387000.0,2332051000.0,
UAL,2013-12-31,3251000000.0,571000000.0,36812000000.0,2984000000.0,33828000000.0,38279000000.0,1.64
UDR,2013-12-31,53045000.0,44812000.0,6807722000.0,2811648000.0,3996074000.0,758926000.0,0.16
UHS,2013-12-31,17238000.0,510733000.0,8311723000.0,3249979000.0,5061744000.0,7367873000.0,5.21
ULTA,2013-02-02,320475000.0,172549000.0,1275249000.0,786942000.0,488307000.0,2220256000.0,2.73
UNH,2013-12-31,7276000000.0,5625000000.0,81882000000.0,32149000000.0,49733000000.0,122489000000.0,5.59
UNM,2013-12-31,94100000.0,847000000.0,59403600000.0,8659100000.0,50744500000.0,10368600000.0,3.24
UNP,2013-12-31,1432000000.0,4388000000.0,49731000000.0,21225000000.0,28506000000.0,21963000000.0,9.47
UPS,2013-12-31,4665000000.0,4372000000.0,36212000000.0,6474000000.0,29738000000.0,55438000000.0,4.65
URBN,2013-01-31,245327000.0,237314000.0,1797211000.0,1354588000.0,442623000.0,2794925000.0,1.63
USB,2013-07-31,224138000.0,247377000.0,1743556000.0,1085187000.0,658369000.0,2436948000.0,
UTX,2013-12-31,4619000000.0,5721000000.0,90594000000.0,31866000000.0,58728000000.0,56600000000.0,6.35
V,2013-09-30,2235000000.0,4980000000.0,35956000000.0,26870000000.0,9086000000.0,11778000000.0,
VAR,2013-09-27,1117861000.0,438248000.0,3468474000.0,1713847000.0,1754627000.0,2942897000.0,4.04
VFC,2013-12-31,776403000.0,1210119000.0,10315443000.0,6077038000.0,4238405000.0,11419648000.0,
VIAB,2013-09-30,2403000000.0,2395000000.0,23829000000.0,5193000000.0,18636000000.0,13794000000.0,4.93
VLO,2013-12-31,4292000000.0,2720000000.0,47260000000.0,19460000000.0,27800000000.0,138074000000.0,4.99
VMC,2013-12-31,193738000.0,24382000.0,8259143000.0,3938106000.0,4321037000.0,2770709000.0,0.19
VNO,2013-12-31,845730000.0,475971000.0,20097224000.0,6765232000.0,13331992000.0,2299176000.0,2.1
VRSK,2013-12-31,165801000.0,348380000.0,2504451000.0,547589000.0,1956862000.0,1595703000.0,2.07
VRSN,2013-12-31,339223000.0,544450000.0,2660767000.0,-423558000.0,3084325000.0,965087000.0,3.77
VRTX,2013-12-31,569299000.0,-445028000.0,2319041000.0,1356405000.0,962636000.0,1211975000.0,-1.98
VTR,2013-12-31,94816000.0,454669000.0,19731494000.0,8824281000.0,10907213000.0,2514595000.0,1.55
VZ,2013-12-31,53528000000.0,11497000000.0,274098000000.0,38836000000.0,235262000000.0,120550000000.0,4.01
WAT,2013-12-31,440796000.0,450003000.0,3582629000.0,1763173000.0,1819456000.0,1904218000.0,
WDC,2013-06-28,4309000000.0,980000000.0,14036000000.0,7893000000.0,6143000000.0,15351000000.0,4.07
WEC,2013-12-31,26000000.0,578600000.0,14769400000.0,4263400000.0,10506000000.0,4519000000.0,2.54
WFC,2013-12-31,560878000000.0,21878000000.0,1523502000000.0,170142000000.0,1353360000000.0,88069000000.0,3.95
WFM,2013-09-29,401000000.0,551000000.0,5538000000.0,3878000000.0,1660000000.0,12917000000.0,1.48
WHR,2013-12-31,1380000000.0,827000000.0,15544000000.0,4924000000.0,10510000000.0,18769000000.0,10.42
WLTW,2013-12-31,796000000.0,365000000.0,14800000000.0,2215000000.0,12585000000.0,3655000000.0,
WM,2013-12-31,58000000.0,98000000.0,22603000000.0,5707000000.0,16896000000.0,13983000000.0,0.21
WMB,2013-12-31,681000000.0,430000000.0,27142000000.0,4864000000.0,22278000000.0,6860000000.0,0.63
WMT,2013-01-31,7781000000.0,16999000000.0,203105000000.0,76343000000.0,126762000000.0,468651000000.0,5.04
WU,2013-12-31,2073100000.0,798400000.0,10121300000.0,1104700000.0,9016600000.0,5542000000.0,1.43
WY,2013-12-31,830000000.0,563000000.0,14577000000.0,6795000000.0,7782000000.0,7254000000.0,0.95
WYN,2013-12-31,194000000.0,432000000.0,9741000000.0,1623000000.0,8118000000.0,5009000000.0,3.25
WYNN,2013-12-31,2435041000.0,728652000.0,8377030000.0,-184507000.0,8561537000.0,5620936000.0,7.25
XEC,2013-12-31,4531000.0,564689000.0,7253135000.0,4022208000.0,3230927000.0,1998051000.0,6.48
XEL,2013-12-31,107144000.0,948234000.0,33907490000.0,9565950000.0,24341540000.0,10914922000.0,1.91
XL,2013-12-31,1800832000.0,1059916000.0,45652887000.0,9997633000.0,35655254000.0,7541234000.0,3.68
XLNX,2013-03-30,623558000.0,487536000.0,4729451000.0,2963296000.0,1766155000.0,2168652000.0,1.86
XOM,2013-12-31,4913000000.0,32580000000.0,346808000000.0,174003000000.0,172805000000.0,420836000000.0,7.37
XRAY,2013-12-31,74954000.0,313200000.0,5078047000.0,2535053000.0,2542994000.0,2950800000.0,2.2
XRX,2013-12-31,1764000000.0,1159000000.0,29036000000.0,12300000000.0,16736000000.0,20006000000.0,0.93
XYL,2013-12-31,533000000.0,228000000.0,4896000000.0,2241000000.0,2655000000.0,3837000000.0,1.23
YHOO,2013-12-31,2077590000.0,1366281000.0,16804959000.0,13074909000.0,3730050000.0,4680380000.0,1.3
YUM,2013-12-28,669000000.0,1091000000.0,8695000000.0,2166000000.0,6529000000.0,13084000000.0,2.41
ZBH,2013-12-31,1080600000.0,780400000.0,9580600000.0,6297300000.0,3283300000.0,4623400000.0,4.49
ZION,2013-12-31,13957805000.0,263791000.0,56031127000.0,6464563000.0,49566564000.0,2278812000.0,1.58
ZTS,2013-12-31,610000000.0,504000000.0,6558000000.0,940000000.0,5618000000.0,4561000000.0,1.01
