Area_Code,Country_Origin,Year,AsylumSeekersNumber,InternationalMigrantStock_Percentage,InternationalMigrantStock_BothSexesNumber,InternationalMigrantStock_FemalePercentage,InternationalMigrantStock_MalePercentage,OtherOfConcernToUNHCR,TotalPopulationOfConcern,TotalRefugees
1,"Total, all countries or areas",2005,,2.929,191615574.0,2.8888,2.9686,,,
1,"Total, all countries or areas",2010,,3.1736,220781909.0,3.0941,3.2517,,,
1,"Total, all countries or areas",2015,2343919.0,3.3722,248861296.0,3.2794,3.4634,40518150.0,57959702.0,15097633.0
1,"Total, all countries or areas",2019,3727291.0,3.5217,271642105.0,3.4032,3.6381,55432149.0,79391372.0,20231932.0
2,Africa,2005,,1.7431,15969835.0,1.5894,1.8979,,,
2,Africa,2010,,1.7131,17804198.0,1.5856,1.8412,,,
2,Africa,2015,1044031.0,1.9854,23476251.0,1.8526,2.1186,11530138.0,17067308.0,4493139.0
2,Africa,2019,603498.0,2.0281,26529334.0,1.9049,2.1516,22807473.0,30073778.0,6662807.0
4,Afghanistan,2005,14.0,0.3403,87300.0,0.3063,0.3722,159551.0,159597.0,32.0
4,Afghanistan,2010,30.0,0.3503,102246.0,0.3125,0.3864,1193523.0,1199987.0,6434.0
4,Afghanistan,2015,101.0,1.4231,489749.0,1.444,1.4034,1195604.0,1421419.0,225714.0
4,Afghanistan,2019,264.0,0.3937,149762.0,0.404,0.3839,2753903.0,2826398.0,72231.0
5,South America,2005,,1.2178,4527868.0,1.2234,1.2121,,,
5,South America,2010,,1.321,5185614.0,1.3241,1.3179,,,
5,South America,2015,,1.4727,6072903.0,1.4734,1.472,,,
5,South America,2019,,1.9243,8220807.0,1.913,1.9361,,,
8,Albania,2005,35.0,2.0973,64739.0,2.0684,2.1259,1.0,92.0,56.0
8,Albania,2010,23.0,1.7905,52784.0,1.7692,1.8114,,99.0,76.0
8,Albania,2015,501.0,1.8001,52031.0,1.7979,1.8021,7443.0,8098.0,154.0
8,Albania,2019,233.0,1.7064,49160.0,1.7047,1.7081,3896.0,4274.0,145.0
9,Oceania,2005,,17.8788,6023412.0,18.0431,17.715,,,
9,Oceania,2010,,19.3303,7127680.0,19.5206,19.1411,,,
9,Oceania,2015,24347.0,20.2464,8069944.0,20.4206,20.0726,,71310.0,46963.0
9,Oceania,2019,63682.0,21.1924,8927925.0,21.4004,20.9847,144.0,142988.0,79162.0
11,Western Africa,2005,,2.2091,5918194.0,2.0546,2.3628,,,
11,Western Africa,2010,,2.0569,6315445.0,1.9165,2.1961,,,
11,Western Africa,2015,,2.009,7065889.0,1.8939,2.1228,,,
11,Western Africa,2019,,1.89,7398379.0,1.785,1.9938,,,
12,Algeria,2005,306.0,0.5955,197422.0,0.5442,0.6457,,94407.0,94101.0
12,Algeria,2010,304.0,0.6031,216964.0,0.5738,0.6317,,94448.0,94144.0
12,Algeria,2015,5892.0,0.6028,239473.0,0.5744,0.6306,,100036.0,94144.0
12,Algeria,2019,1230.0,0.5785,249075.0,0.5515,0.605,,99512.0,98282.0
13,Central America,2005,,0.9494,1385713.0,0.9318,0.9678,,,
13,Central America,2010,,1.1104,1749940.0,1.0896,1.1321,,,
13,Central America,2015,,1.1121,1878860.0,1.0967,1.1282,,,
13,Central America,2019,,1.0855,1927688.0,1.0697,1.1019,,,
14,Eastern Africa,2005,,1.6135,4762817.0,1.4934,1.7361,,,
14,Eastern Africa,2010,,1.4022,4757899.0,1.3684,1.4367,,,
14,Eastern Africa,2015,,1.7236,6716524.0,1.6941,1.7537,,,
14,Eastern Africa,2019,,1.8226,7908176.0,1.8035,1.8419,,,
15,Northern Africa,2005,,0.9373,1747369.0,0.7576,1.1152,,,
15,Northern Africa,2010,,0.96,1948262.0,0.7861,1.1326,,,
15,Northern Africa,2015,,0.9555,2138918.0,0.7766,1.1327,,,
15,Northern Africa,2019,,1.2225,2955849.0,1.0648,1.3787,,,
16,American Samoa,2005,,40.6853,24233.0,,,,,
16,American Samoa,2010,,42.0032,23555.0,,,,,
16,American Samoa,2015,,42.1289,23513.0,,,,,
16,American Samoa,2019,,42.5568,23539.0,,,,,
17,Middle Africa,2005,,1.7488,1958781.0,1.6985,1.7996,,,
17,Middle Africa,2010,,1.8464,2430300.0,1.8034,1.8898,,,
17,Middle Africa,2015,,2.2661,3494415.0,2.1447,2.3882,,,
17,Middle Africa,2019,,2.1716,3785279.0,2.0422,2.3015,,,
18,Southern Africa,2005,,2.8963,1582674.0,2.4227,3.3858,,,
18,Southern Africa,2010,,4.029,2352292.0,3.3752,4.7036,,,
18,Southern Africa,2015,,6.4468,4060505.0,5.6464,7.2714,,,
18,Southern Africa,2019,,6.7262,4481651.0,5.8814,7.5979,,,
20,Andorra,2005,,63.7757,50298.0,,,,,
20,Andorra,2010,,61.6384,52053.0,,,,,
20,Andorra,2015,,54.177,42264.0,,,,,
20,Andorra,2019,,58.4662,45102.0,,,,,
21,Northern America,2005,,13.8604,45363257.0,13.7704,13.9527,,,
21,Northern America,2010,,14.8479,50970861.0,14.9861,14.7064,,,
21,Northern America,2015,238989.0,15.5822,55633443.0,15.8764,15.2818,,655374.0,416385.0
21,Northern America,2019,809134.0,15.9977,58647822.0,16.3974,15.5899,3790.0,1233055.0,420131.0
24,Angola,2005,885.0,0.3156,61329.0,0.3174,0.3137,45.0,14914.0,13984.0
24,Angola,2010,4241.0,1.422,332126.0,1.4555,1.3877,,19396.0,15155.0
24,Angola,2015,30143.0,2.2671,632178.0,2.3241,2.2089,2887.0,45698.0,15555.0
24,Angola,2019,30180.0,2.1036,669479.0,2.0382,2.1704,,70080.0,39900.0
28,Antigua and Barbuda,2005,,30.3701,24741.0,31.9597,28.6099,,,
28,Antigua and Barbuda,2010,,30.0041,26412.0,31.8522,27.988,,,
28,Antigua and Barbuda,2015,10.0,30.0141,28083.0,32.052,27.8138,,10.0,
28,Antigua and Barbuda,2019,1.0,30.0737,29207.0,32.192,27.803,208.0,211.0,2.0
29,Caribbean,2005,,3.2994,1311361.0,3.1908,3.4101,,,
29,Caribbean,2010,,3.2192,1326879.0,3.1156,3.3251,,,
29,Caribbean,2015,,3.4956,1489916.0,3.2222,3.7753,,,
29,Caribbean,2019,,3.5186,1524793.0,3.2356,3.8087,,,
30,Eastern Asia,2005,,0.3982,6228684.0,0.4298,0.3679,,,
30,Eastern Asia,2010,,0.4401,7062527.0,0.4752,0.4064,,,
30,Eastern Asia,2015,,0.4642,7636397.0,0.4982,0.4315,,,
30,Eastern Asia,2019,,0.4846,8105764.0,0.5178,0.4527,,,
31,Azerbaijan,2005,115.0,3.5395,302220.0,3.8525,3.2171,581194.0,584313.0,3004.0
31,Azerbaijan,2010,17.0,3.0656,276901.0,3.2341,2.8941,594969.0,596877.0,1891.0
31,Azerbaijan,2015,262.0,2.746,264241.0,2.8472,2.6438,626477.0,628096.0,1357.0
31,Azerbaijan,2019,132.0,2.5268,253887.0,2.6282,2.4251,624007.0,625236.0,1097.0
32,Argentina,2005,825.0,4.3018,1673088.0,4.4924,4.1001,2.0,3901.0,3074.0
32,Argentina,2010,947.0,4.416,1805957.0,4.64,4.1796,,4223.0,3276.0
32,Argentina,2015,897.0,4.8434,2086302.0,5.0982,4.5753,,4420.0,3523.0
32,Argentina,2019,7075.0,4.9416,2212879.0,5.2064,4.6635,154933.0,165592.0,3584.0
34,Southern Asia,2005,,0.8638,13722314.0,0.8578,0.8694,,,
34,Southern Asia,2010,,0.8357,14311392.0,0.8241,0.8465,,,
34,Southern Asia,2015,,0.7687,14051010.0,0.7689,0.7686,,,
34,Southern Asia,2019,,0.7342,14083627.0,0.7356,0.7329,,,
35,South-eastern Asia,2005,,1.1973,6718503.0,1.1498,1.2451,,,
35,South-eastern Asia,2010,,1.455,8685564.0,1.389,1.5211,,,
35,South-eastern Asia,2015,,1.614,10237687.0,1.527,1.7011,,,
35,South-eastern Asia,2019,,1.5394,10190867.0,1.4403,1.6386,,,
36,Australia,2005,1822.0,24.1743,4878030.0,24.3245,24.0236,8.0,66794.0,64964.0
36,Australia,2010,3760.0,26.5541,5882980.0,26.7347,26.3736,15.0,25580.0,21805.0
36,Australia,2015,22837.0,28.1196,6729730.0,28.2032,28.0355,,58419.0,35582.0
36,Australia,2019,62680.0,29.9536,7549270.0,30.0732,29.833,144.0,129248.0,66424.0
39,Southern Europe,2005,,8.02,12004009.0,8.0498,7.9889,,,
39,Southern Europe,2010,,10.5912,16206134.0,10.6481,10.5315,,,
39,Southern Europe,2015,,10.3325,15815447.0,10.6992,9.9475,,,
39,Southern Europe,2019,,10.8258,16503552.0,11.2358,10.3962,,,
40,Austria,2005,40710.0,13.7669,1136270.0,13.9724,13.5496,830.0,62770.0,21230.0
40,Austria,2010,25625.0,15.1724,1275992.0,15.4727,14.8566,470.0,68725.0,42630.0
40,Austria,2015,30900.0,17.1959,1492374.0,17.5147,16.8635,570.0,92217.0,60747.0
40,Austria,2019,31204.0,19.8753,1779857.0,19.9379,19.8109,1095.0,163665.0,131366.0
44,Bahamas,2005,,14.0353,45595.0,13.1372,14.9874,,,
44,Bahamas,2010,9.0,15.4211,54736.0,14.6822,16.2075,,37.0,28.0
44,Bahamas,2015,19.0,15.8485,59306.0,15.2197,16.5158,30.0,56.0,7.0
44,Bahamas,2016,17.0,,,,,97.0,125.0,11.0
44,Bahamas,2019,18.0,16.1656,62962.0,15.5391,16.8282,,35.0,17.0
48,Bahrain,2005,15.0,45.438,404018.0,32.5066,54.0334,,15.0,
48,Bahrain,2010,69.0,53.0161,657856.0,38.9773,61.4824,,234.0,165.0
48,Bahrain,2015,78.0,51.3275,704137.0,37.1686,60.1078,,355.0,277.0
48,Bahrain,2019,56.0,45.1605,741161.0,35.0349,50.7897,,316.0,260.0
50,Bangladesh,2005,58.0,0.8391,1166700.0,0.8044,0.8722,250094.0,271250.0,21098.0
50,Bangladesh,2010,,0.9118,1345546.0,0.8751,0.9472,,229253.0,229253.0
50,Bangladesh,2015,11.0,0.9106,1422805.0,0.8707,0.9493,,232986.0,232975.0
50,Bangladesh,2017,104.0,,,,,2.0,307530.0,307424.0
50,Bangladesh,2019,44.0,1.3405,2185613.0,1.3172,1.3632,,911780.0,911736.0
51,Armenia,2005,70.0,15.7355,469119.0,17.5839,13.6533,,219620.0,219550.0
51,Armenia,2010,23.0,7.3383,211147.0,8.196,6.3631,82525.0,85844.0,3296.0
51,Armenia,2015,114.0,6.5355,191199.0,7.3385,5.6303,238.0,16042.0,15690.0
51,Armenia,2019,130.0,6.4292,190159.0,7.16,5.6065,913.0,19013.0,17970.0
52,Barbados,2005,,11.0827,30624.0,11.8664,10.234,,,
52,Barbados,2010,,11.6347,32825.0,12.32,10.8918,,,
52,Barbados,2015,,12.0828,34475.0,12.8482,11.2601,,1.0,1.0
52,Barbados,2019,8.0,12.1268,34807.0,12.9338,11.2655,,9.0,1.0
53,Australia and New Zealand,2005,,23.5173,5717982.0,23.6625,23.3707,,,
53,Australia and New Zealand,2010,,25.7511,6830423.0,25.9357,25.5655,,,
53,Australia and New Zealand,2015,,27.2164,7769466.0,27.3352,27.0962,,,
53,Australia and New Zealand,2019,,28.7399,8618009.0,28.8837,28.5943,,,
54,Melanesia,2005,,1.2635,104017.0,1.1473,1.3758,,,
54,Melanesia,2010,,1.2047,110685.0,1.0893,1.3161,,,
54,Melanesia,2015,,1.1791,119344.0,1.0871,1.2677,,,
54,Melanesia,2019,,1.1317,123564.0,1.0467,1.2134,,,
56,Belgium,2005,18913.0,11.8398,1248733.0,11.6853,12.0003,398.0,34593.0,15282.0
56,Belgium,2010,18288.0,13.7475,1503806.0,13.9565,13.531,696.0,36876.0,17892.0
56,Belgium,2015,9396.0,15.7999,1783488.0,15.9166,15.6793,5267.0,45778.0,31115.0
56,Belgium,2019,10893.0,17.1753,1981919.0,17.2058,17.1443,10933.0,83503.0,61677.0
57,Micronesia,2005,,25.7663,128390.0,26.1993,25.341,,,
57,Micronesia,2010,,22.8405,115020.0,22.9737,22.7106,,,
57,Micronesia,2015,,21.7084,113523.0,21.7065,21.7118,,,
57,Micronesia,2019,,21.7076,117978.0,21.7281,21.6879,,,
60,Bermuda,2005,,27.5835,18276.0,,,,,
60,Bermuda,2010,,28.8795,18884.0,,,,,
60,Bermuda,2015,,30.0289,19126.0,,,,,
60,Bermuda,2019,,30.9346,19336.0,,,,,
61,Polynesia,2005,,11.306,73023.0,10.6113,11.9702,,,
61,Polynesia,2010,,10.8934,71552.0,10.2359,11.5268,,,
61,Polynesia,2015,,10.1358,67611.0,9.5078,10.7458,,,
61,Polynesia,2019,,10.0584,68374.0,9.4115,10.687,,,
64,Bhutan,2005,,6.2088,40279.0,2.4425,9.6254,,,
64,Bhutan,2010,,7.0634,48420.0,2.8078,10.9094,,,
64,Bhutan,2015,,7.0213,51106.0,2.2421,11.3005,,,
64,Bhutan,2019,,6.9787,53254.0,2.2437,11.1645,,,
68,Bolivia (Plurin. State of),2005,3.0,1.167,107745.0,1.1282,1.2054,2.0,540.0,535.0
68,Bolivia (Plurin. State of),2010,41.0,1.2225,122846.0,1.1711,1.2733,3.0,739.0,695.0
68,Bolivia (Plurin. State of),2015,8.0,1.3155,142989.0,1.2587,1.3716,,775.0,767.0
68,Bolivia (Plurin. State of),2019,46.0,1.356,156114.0,1.2958,1.4156,,856.0,810.0
70,Bosnia and Herzegovina,2005,215.0,1.2555,47272.0,1.2944,1.2151,188735.0,199518.0,10568.0
70,Bosnia and Herzegovina,2010,153.0,1.0469,38792.0,1.0757,1.017,171790.0,178959.0,7016.0
70,Bosnia and Herzegovina,2015,11.0,1.1248,38574.0,1.1541,1.0944,137035.0,143851.0,6805.0
70,Bosnia and Herzegovina,2019,601.0,1.0826,35735.0,1.1114,1.0525,145817.0,151652.0,5234.0
72,Botswana,2005,47.0,4.7032,84614.0,3.8392,5.6159,592.0,3748.0,3109.0
72,Botswana,2010,249.0,4.7614,94614.0,4.0121,5.5441,111.0,3346.0,2986.0
72,Botswana,2015,248.0,4.8695,103268.0,4.0472,5.7548,,2412.0,2164.0
72,Botswana,2019,204.0,4.8008,110596.0,4.0058,5.6496,7.0,2289.0,2078.0
76,Brazil,2005,195.0,0.3431,638582.0,0.314,0.3728,4093.0,7746.0,3458.0
76,Brazil,2010,872.0,0.3028,592568.0,0.2749,0.3314,8.0,5237.0,4357.0
76,Brazil,2015,17902.0,0.3504,716568.0,0.3176,0.3843,40338.0,66002.0,7762.0
76,Brazil,2019,191452.0,0.3824,807006.0,0.346,0.42,68499.0,271580.0,11629.0
84,Belize,2005,14.0,14.5962,41424.0,14.4393,14.7517,,638.0,624.0
84,Belize,2010,30.0,14.3768,46360.0,14.2121,14.5412,2.0,166.0,134.0
84,Belize,2015,146.0,15.148,54674.0,15.0295,15.2674,,146.0,
84,Belize,2019,3614.0,15.3702,59998.0,15.2078,15.5342,2858.0,6500.0,28.0
90,Solomon Islands,2005,,0.6961,3271.0,0.6269,0.7623,,,
90,Solomon Islands,2010,,0.5229,2760.0,0.4675,0.5765,,,
90,Solomon Islands,2015,,0.4286,2585.0,0.3827,0.473,,3.0,3.0
90,Solomon Islands,2016,,,,,,,3.0,3.0
90,Solomon Islands,2019,4.0,0.378,2532.0,0.3374,0.4172,,4.0,
92,British Virgin Islands,2005,,64.9846,15016.0,,,,,
92,British Virgin Islands,2010,,61.4305,17074.0,,,,2.0,2.0
92,British Virgin Islands,2015,,65.6284,19132.0,,,,,
92,British Virgin Islands,2017,1.0,,,,,,1.0,
92,British Virgin Islands,2019,,69.1908,20778.0,,,,1.0,1.0
96,Brunei Darussalam,2005,,26.9617,98441.0,24.1635,29.644,,,
96,Brunei Darussalam,2010,,25.8814,100587.0,23.3425,28.2599,20992.0,20992.0,
96,Brunei Darussalam,2015,,24.7605,102733.0,22.3783,26.9571,20524.0,20524.0,
96,Brunei Darussalam,2019,,25.5354,110641.0,23.033,27.8511,20863.0,20863.0,
100,Bulgaria,2005,805.0,0.7945,61074.0,0.8737,0.7109,,5218.0,4413.0
100,Bulgaria,2010,1412.0,1.0274,76287.0,1.1142,0.936,,6942.0,5530.0
100,Bulgaria,2015,7840.0,1.7195,123803.0,1.7237,1.7151,67.0,18953.0,11046.0
100,Bulgaria,2019,1093.0,2.4073,168516.0,2.3832,2.4328,102.0,21210.0,20015.0
104,Myanmar,2005,,0.1696,83025.0,0.1524,0.188,236495.0,236495.0,
104,Myanmar,2010,,0.151,76414.0,0.133,0.1704,859403.0,859403.0,
104,Myanmar,2015,,0.1392,73309.0,0.1214,0.1582,1466501.0,1466501.0,
104,Myanmar,2016,1.0,,,,,1392096.0,1392097.0,
104,Myanmar,2019,,0.1406,75998.0,0.1227,0.1599,883466.0,883466.0,
108,Burundi,2005,19900.0,2.3473,172874.0,2.3576,2.3367,12988.0,53569.0,20681.0
108,Burundi,2010,12062.0,2.7117,235259.0,2.722,2.7012,159338.0,200765.0,29365.0
108,Burundi,2015,2733.0,2.8525,289810.0,2.8663,2.8384,80851.0,137710.0,54126.0
108,Burundi,2019,6986.0,2.7841,321018.0,2.8022,2.7656,41992.0,121194.0,72216.0
112,Belarus,2005,56.0,11.5768,1106982.0,11.769,11.3573,12421.0,13202.0,725.0
112,Belarus,2010,66.0,11.5744,1090378.0,11.7241,11.4022,7734.0,8389.0,589.0
112,Belarus,2015,257.0,11.4722,1082905.0,11.6295,11.2913,6302.0,7928.0,1369.0
112,Belarus,2019,151.0,11.3135,1069395.0,11.4721,11.1314,5909.0,8633.0,2573.0
116,Cambodia,2005,68.0,0.8591,114031.0,0.8274,0.8928,207.0,402.0,127.0
116,Cambodia,2010,51.0,0.5728,81977.0,0.5258,0.6223,,180.0,129.0
116,Cambodia,2015,33.0,0.4765,73963.0,0.429,0.5264,131.0,244.0,80.0
116,Cambodia,2018,47.0,,,,,,114.0,67.0
116,Cambodia,2019,,0.477,78649.0,0.4298,0.5266,57444.0,57444.0,
120,Cameroon,2005,6766.0,1.4972,265503.0,1.3418,1.6536,7444.0,66252.0,52042.0
120,Cameroon,2010,2383.0,1.4329,291474.0,1.276,1.5904,66.0,106724.0,104275.0
120,Cameroon,2015,7835.0,2.1819,508346.0,2.2049,2.1589,81693.0,391821.0,302293.0
120,Cameroon,2019,8920.0,1.9543,505692.0,1.9752,1.9334,1057613.0,1463231.0,396698.0
124,Canada,2005,20552.0,18.8998,6078985.0,19.5029,18.2863,12.0,167735.0,147171.0
124,Canada,2010,51025.0,19.8,6761226.0,20.4855,19.1039,7.0,216581.0,165549.0
124,Canada,2015,19951.0,20.6199,7428657.0,21.448,19.778,,155839.0,135888.0
124,Canada,2019,84747.0,21.2789,7960657.0,22.1487,20.3958,3790.0,189816.0,101279.0
132,Cabo Verde,2005,,2.7428,12700.0,2.5982,2.8954,1.0,1.0,
132,Cabo Verde,2010,,2.9175,14373.0,2.8713,2.9638,,,
132,Cabo Verde,2015,,2.8441,14924.0,2.8192,2.8688,115.0,115.0,
132,Cabo Verde,2019,,2.8483,15664.0,2.8266,2.8699,115.0,115.0,
136,Cayman Islands,2005,,41.9784,20679.0,,,,,
136,Cayman Islands,2010,4.0,42.4495,24057.0,,,,5.0,1.0
136,Cayman Islands,2015,1.0,42.4098,26177.0,,,100.0,107.0,6.0
136,Cayman Islands,2019,6.0,44.628,28985.0,,,50.0,87.0,31.0
140,Central African Republic,2005,1960.0,2.3388,94449.0,2.1646,2.517,2167.0,28696.0,24569.0
140,Central African Republic,2010,1219.0,2.1306,93466.0,1.9738,2.2906,192531.0,215324.0,21574.0
140,Central African Republic,2015,394.0,1.816,81598.0,1.6957,1.9385,508904.0,517204.0,7906.0
140,Central African Republic,2019,394.0,1.9103,90649.0,1.7819,2.041,704990.0,712649.0,7265.0
142,Asia,2005,,1.3434,53439306.0,1.2427,1.4394,,,
142,Asia,2010,,1.5664,65938712.0,1.3688,1.7547,,,
142,Asia,2015,320437.0,1.742,77231760.0,1.5025,1.9706,19921907.0,28420724.0,8178380.0
142,Asia,2019,619941.0,1.816,83559197.0,1.5437,2.076,17743970.0,28369877.0,10005966.0
143,Central Asia,2005,,8.9579,5235877.0,9.5256,8.3741,,,
143,Central Asia,2010,,8.383,5264938.0,8.728,8.0294,,,
143,Central Asia,2015,,7.875,5392792.0,8.0796,7.6659,,,
143,Central Asia,2019,,7.5717,5543398.0,7.7643,7.3752,,,
144,Sri Lanka,2005,121.0,0.2022,39526.0,0.1838,0.2212,351884.0,352111.0,106.0
144,Sri Lanka,2010,138.0,0.1923,38959.0,0.1757,0.2097,434903.0,435264.0,223.0
144,Sri Lanka,2015,461.0,0.1899,39706.0,0.1751,0.2059,50499.0,51808.0,848.0
144,Sri Lanka,2019,798.0,0.1877,40018.0,0.1723,0.2043,36018.0,37606.0,790.0
145,Western Asia,2005,,10.4755,21533928.0,8.212,12.6253,,,
145,Western Asia,2010,,13.1716,30614291.0,9.5465,16.518,,,
145,Western Asia,2015,,15.491,39913874.0,11.4156,19.2311,,,
145,Western Asia,2019,,16.5752,45635541.0,12.1818,20.5738,,,
148,Chad,2005,68.0,3.4869,352062.0,3.7975,3.1743,,275480.0,275412.0
148,Chad,2010,110.0,3.4883,416924.0,3.8421,3.1328,185000.0,533049.0,347939.0
148,Chad,2015,2749.0,3.3093,466968.0,3.5552,3.0623,50000.0,473523.0,420774.0
148,Chad,2019,3707.0,3.2121,512230.0,3.4546,2.9688,199339.0,667386.0,464340.0
150,Europe,2005,,8.7201,63594822.0,8.6808,8.7624,,,
150,Europe,2010,,9.5976,70678025.0,9.5777,9.6191,,,
150,Europe,2015,678737.0,10.0945,75008219.0,10.1523,10.0325,2368815.0,4673766.0,1626214.0
150,Europe,2019,871730.0,11.0153,82304539.0,10.9444,11.0913,2426636.0,6141270.0,2842904.0
151,Eastern Europe,2005,,6.6368,19744557.0,6.6036,6.6741,,,
151,Eastern Europe,2010,,6.481,19110686.0,6.4477,6.5185,,,
151,Eastern Europe,2015,,6.7399,19841537.0,6.6958,6.7895,,,
151,Eastern Europe,2019,,6.9106,20278745.0,6.8412,6.9887,,,
152,Chile,2005,107.0,1.7077,276360.0,1.7634,1.6503,,913.0,806.0
152,Chile,2010,274.0,2.2001,375388.0,2.2766,2.1211,,1895.0,1621.0
152,Chile,2015,719.0,3.5601,639724.0,3.7074,3.4081,,2517.0,1798.0
152,Chile,2019,10310.0,4.9598,939992.0,5.1722,4.7414,373186.0,385535.0,2039.0
154,Northern Europe,2005,,9.9565,9588814.0,10.2163,9.6853,,,
154,Northern Europe,2010,,11.2998,11344850.0,11.4852,11.1076,,,
154,Northern Europe,2015,,12.8183,13269401.0,13.0919,12.5364,,,
154,Northern Europe,2019,,14.2717,15094924.0,14.5088,14.0285,,,
155,Western Europe,2005,,11.979,22257442.0,11.8275,12.1381,,,
155,Western Europe,2010,,12.7661,24016355.0,12.7786,12.753,,,
155,Western Europe,2015,,13.5783,26081834.0,13.6401,13.514,,,
155,Western Europe,2019,,15.5621,30427318.0,15.2065,15.9305,,,
156,China,2005,84.0,0.0502,678947.0,0.0454,0.0547,1.0,301126.0,301041.0
156,China,2010,122.0,0.0611,849861.0,0.0508,0.0707,,301108.0,300986.0
156,China,2015,564.0,0.0684,978046.0,0.0543,0.0817,,301621.0,301057.0
156,China,2019,588.0,0.0707,1030871.0,0.0561,0.0846,,322372.0,321784.0
170,Colombia,2005,41.0,0.2523,107612.0,0.2387,0.2665,2000009.0,2000205.0,155.0
170,Colombia,2010,167.0,0.2748,124271.0,0.2543,0.2961,3672065.0,3672444.0,212.0
170,Colombia,2015,56.0,0.2928,139134.0,0.2683,0.3182,6520304.0,6520579.0,219.0
170,Colombia,2019,5028.0,2.2692,1142319.0,2.2107,2.3299,9711837.0,9717193.0,328.0
174,Comoros,2005,,2.1596,13209.0,2.2802,2.0408,,1.0,1.0
174,Comoros,2010,,1.8295,12618.0,1.9172,1.7432,,,
174,Comoros,2015,,1.6149,12555.0,1.6826,1.5484,,,
174,Comoros,2019,,1.4695,12504.0,1.5313,1.4089,,,
175,Mayotte,2005,,35.4726,63176.0,35.2187,35.7319,,,
175,Mayotte,2010,,34.859,72757.0,35.8604,33.8126,,,
175,Mayotte,2015,,30.8274,73992.0,32.5514,29.0435,,,
175,Mayotte,2019,,28.0455,74643.0,29.6449,26.3913,,,
178,Congo,2005,3486.0,8.7978,318724.0,7.9629,9.6474,8079.0,77640.0,66075.0
178,Congo,2010,5524.0,9.9485,425173.0,9.0377,10.8683,59.0,138695.0,133112.0
178,Congo,2015,3248.0,8.0341,390142.0,7.2478,8.8238,1070.0,65810.0,61492.0
178,Congo,2019,13801.0,7.4741,402142.0,6.7543,8.1953,146192.0,189770.0,29777.0
180,Dem. Rep. of the Congo,2005,140.0,1.1369,622869.0,1.163,1.1105,47435.0,251916.0,204341.0
180,Dem. Rep. of the Congo,2010,932.0,0.9122,588950.0,0.9398,0.8843,2196591.0,2363859.0,166336.0
180,Dem. Rep. of the Congo,2015,1124.0,1.0814,824492.0,1.1078,1.0549,1839611.0,2001006.0,160271.0
180,Dem. Rep. of the Congo,2019,1272.0,1.1105,963833.0,1.1499,1.071,4518487.0,5057768.0,538009.0
184,Cook Islands,2005,,17.1805,3277.0,,,,,
184,Cook Islands,2010,,20.4937,3769.0,,,,,
184,Cook Islands,2015,,19.7714,3477.0,,,,,
184,Cook Islands,2019,,19.894,3491.0,,,,,
188,Costa Rica,2005,223.0,8.3578,358175.0,8.5095,8.207,,11476.0,11253.0
188,Costa Rica,2010,375.0,8.8567,405404.0,9.1715,8.5431,40.0,19920.0,19505.0
188,Costa Rica,2015,1819.0,8.4924,411697.0,8.8381,8.1472,2613.0,7907.0,3475.0
188,Costa Rica,2019,44308.0,8.2766,417768.0,8.5478,8.0052,30287.0,79161.0,4566.0
191,Croatia,2005,8.0,13.2313,579273.0,13.5534,12.8845,7932.0,10867.0,2927.0
191,Croatia,2010,81.0,13.2446,573248.0,13.5848,12.8785,24463.0,25480.0,936.0
191,Croatia,2015,90.0,13.2556,561093.0,13.6803,12.7971,16684.0,17484.0,710.0
191,Croatia,2019,231.0,12.5435,518083.0,13.0077,12.0442,7177.0,8261.0,853.0
192,Cuba,2005,32.0,0.106,11935.0,0.1183,0.0936,,738.0,706.0
192,Cuba,2010,11.0,0.0591,6640.0,0.0662,0.052,1.0,423.0,411.0
192,Cuba,2015,12.0,0.0469,5312.0,0.053,0.0408,,325.0,313.0
192,Cuba,2019,44.0,0.0431,4886.0,0.0489,0.0373,1.0,275.0,230.0
196,Cyprus,2005,13067.0,11.4011,117165.0,13.1597,9.6875,1.0,13769.0,701.0
196,Cyprus,2010,5396.0,17.2446,191866.0,19.3767,15.1069,,8790.0,3394.0
196,Cyprus,2015,2339.0,16.5394,192020.0,18.6109,14.4743,6000.0,14102.0,5763.0
196,Cyprus,2019,15759.0,16.0125,191922.0,17.8071,14.218,6000.0,33267.0,11508.0
202,Sub-Saharan Africa,2005,,1.949,14222466.0,1.7996,2.1,,,
202,Sub-Saharan Africa,2010,,1.8958,15855936.0,1.778,2.0146,,,
202,Sub-Saharan Africa,2015,,2.2259,21337333.0,2.102,2.3506,,,
202,Sub-Saharan Africa,2019,,2.2108,23573485.0,2.0941,2.328,,,
203,Czechia,2005,924.0,3.1442,322540.0,2.6764,3.6369,,2726.0,1802.0
203,Czechia,2010,1065.0,3.782,398493.0,3.0258,4.5666,1.0,3515.0,2449.0
203,Czechia,2015,409.0,3.9283,416454.0,3.2866,4.5926,1502.0,5048.0,3137.0
203,Czechia,2019,1887.0,4.7965,512705.0,4.0427,5.5743,1502.0,5656.0,2267.0
204,Benin,2005,1695.0,2.7798,221889.0,2.8312,2.7275,77.0,32066.0,30294.0
204,Benin,2010,101.0,3.3603,309124.0,3.5752,3.1425,47.0,7287.0,7139.0
204,Benin,2015,84.0,3.4634,366284.0,3.6607,3.2647,,572.0,488.0
204,Benin,2019,351.0,3.3057,390112.0,3.4945,3.1164,,1574.0,1223.0
208,Denmark,2005,510.0,8.1226,440383.0,8.3061,7.9356,573.0,45457.0,44374.0
208,Denmark,2010,3363.0,9.0151,500772.0,9.2456,8.781,3238.0,24523.0,17922.0
208,Denmark,2015,4566.0,10.4747,595876.0,10.6454,10.3023,4984.0,27335.0,17785.0
208,Denmark,2019,1956.0,12.5241,722878.0,12.5943,12.4532,8507.0,47434.0,36971.0
212,Dominica,2005,,6.7206,4744.0,,,,,
212,Dominica,2010,,11.4422,8110.0,,,,,
212,Dominica,2015,,11.3693,8093.0,,,,,
212,Dominica,2019,,11.5085,8264.0,,,,,
214,Dominican Republic,2005,,4.1331,376001.0,3.2692,4.9868,,,
214,Dominican Republic,2010,1759.0,4.061,393720.0,3.2092,4.9064,,2358.0,599.0
214,Dominican Republic,2015,752.0,5.3424,549289.0,3.8144,6.8666,133770.0,135131.0,609.0
214,Dominican Republic,2019,376.0,5.2859,567648.0,3.7669,6.8067,28392.0,28938.0,170.0
218,Ecuador,2005,2489.0,1.3555,187404.0,1.3235,1.3873,250001.0,262553.0,10063.0
218,Ecuador,2010,49887.0,2.1675,325366.0,2.1038,2.2309,,171136.0,121249.0
218,Ecuador,2015,11583.0,2.3903,387513.0,2.3115,2.4689,,133118.0,121535.0
218,Ecuador,2019,22512.0,2.1959,381507.0,2.123,2.2687,294919.0,420532.0,103101.0
222,El Salvador,2005,1.0,0.5951,36019.0,0.6003,0.5895,44.0,94.0,49.0
222,El Salvador,2010,18.0,0.6521,40324.0,0.6501,0.6543,,56.0,38.0
222,El Salvador,2015,,0.6647,42045.0,0.658,0.6723,,48.0,48.0
222,El Salvador,2019,17.0,0.6604,42617.0,0.6515,0.6704,75200.0,75269.0,52.0
226,Equatorial Guinea,2005,,0.8789,6588.0,0.8598,0.8959,,,
226,Equatorial Guinea,2010,,0.9175,8658.0,0.9121,0.9221,,,
226,Equatorial Guinea,2015,,17.9374,209611.0,9.2011,25.0047,,,
226,Equatorial Guinea,2019,,16.7861,227617.0,8.6711,23.2685,,,
231,Ethiopia,2005,209.0,0.6736,514242.0,0.6389,0.7084,4110.0,105136.0,100817.0
231,Ethiopia,2010,1028.0,0.649,568748.0,0.6164,0.6817,47.0,155370.0,154295.0
231,Ethiopia,2015,2871.0,1.152,1161642.0,1.1308,1.1732,348.0,705686.0,702467.0
231,Ethiopia,2019,1284.0,1.118,1253083.0,1.0982,1.1378,4816254.0,5444495.0,626957.0
232,Eritrea,2005,1591.0,0.5064,14314.0,0.4649,0.548,31.0,6040.0,4418.0
232,Eritrea,2010,137.0,0.4944,15676.0,0.4459,0.5431,13.0,4959.0,4809.0
232,Eritrea,2015,1.0,0.4769,15941.0,0.426,0.5276,22.0,2967.0,2944.0
232,Eritrea,2016,5.0,,,,,6.0,2304.0,2293.0
232,Eritrea,2019,,0.4604,16101.0,0.4115,0.509,223.0,926.0,703.0
233,Estonia,2005,8.0,17.2391,233701.0,19.2178,14.9597,136000.0,136015.0,7.0
233,Estonia,2010,10.0,16.3569,217890.0,18.2995,14.128,100983.0,101032.0,39.0
233,Estonia,2015,117.0,14.7997,194664.0,16.3747,13.0073,86522.0,86756.0,117.0
233,Estonia,2019,35.0,14.3509,190242.0,15.6827,12.8651,76639.0,76998.0,324.0
234,Faroe Islands,2005,,9.6035,4583.0,,,,,
234,Faroe Islands,2010,,10.658,5096.0,,,,,
234,Faroe Islands,2015,,11.415,5485.0,,,,,
234,Faroe Islands,2019,,13.2586,6454.0,,,,,
238,Falkland Islands (Malvinas),2005,,39.7274,1166.0,,,,,
238,Falkland Islands (Malvinas),2010,,49.5002,1436.0,,,,,
238,Falkland Islands (Malvinas),2015,,55.434,1571.0,,,,,
238,Falkland Islands (Malvinas),2019,,56.3222,1902.0,,,,,
242,Fiji,2005,,1.5135,12435.0,1.4583,1.5666,,,
242,Fiji,2010,6.0,1.5528,13351.0,1.4765,1.626,,7.0,1.0
242,Fiji,2015,8.0,1.5831,13751.0,1.4815,1.6813,,20.0,12.0
242,Fiji,2019,14.0,1.5774,14038.0,1.472,1.68,,20.0,6.0
246,Finland,2005,,3.6541,192169.0,3.5658,3.7463,849.0,12658.0,11809.0
246,Finland,2010,2097.0,4.2581,228481.0,4.1492,4.3711,3133.0,13954.0,8724.0
246,Finland,2015,2622.0,5.7444,314856.0,5.5879,5.9058,1928.0,16348.0,11798.0
246,Finland,2019,9310.0,6.9253,383116.0,6.6642,7.1937,2759.0,34972.0,22903.0
250,France,2005,41279.0,11.0235,6737600.0,10.8999,11.1553,946.0,179541.0,137316.0
250,France,2010,48576.0,11.6254,7309986.0,11.5834,11.6701,1171.0,250434.0,200687.0
250,France,2015,53827.0,12.2169,7874172.0,12.244,12.188,1290.0,320089.0,264972.0
250,France,2019,82220.0,12.7973,8334875.0,12.842,12.7497,1514.0,473414.0,389680.0
254,French Guiana,2005,,42.6012,86468.0,42.7072,42.4923,,,
254,French Guiana,2010,,41.325,96288.0,42.6658,39.9852,,,
254,French Guiana,2015,,40.6546,106108.0,42.1575,39.1105,,,
254,French Guiana,2019,,40.3573,117372.0,41.9028,38.779,,,
258,French Polynesia,2005,,12.4762,32286.0,11.0032,13.8774,,,
258,French Polynesia,2010,,11.8744,31640.0,10.4599,13.2236,,,
258,French Polynesia,2015,,11.0053,30058.0,9.6109,12.3577,,,
258,French Polynesia,2019,,11.1731,31205.0,9.7349,12.5739,,,
262,Djibouti,2005,19.0,11.7575,92091.0,10.4655,13.0365,7668.0,18143.0,10456.0
262,Djibouti,2010,732.0,12.0894,101575.0,12.2818,11.9204,7.0,15843.0,15104.0
262,Djibouti,2015,2586.0,12.2923,112351.0,12.363,12.2291,,17373.0,14787.0
262,Djibouti,2018,10129.0,,,,,50.0,27481.0,17302.0
262,Djibouti,2019,10900.0,11.8473,115341.0,11.847,11.8477,,30058.0,19158.0
266,Gabon,2005,4843.0,16.8152,233824.0,14.2007,19.4288,291.0,13679.0,8545.0
266,Gabon,2010,4132.0,16.6752,270829.0,13.9762,19.3108,84.0,13231.0,9015.0
266,Gabon,2015,1886.0,19.4429,378686.0,14.1134,24.579,,2894.0,1008.0
266,Gabon,2017,105.0,,,,,3.0,1065.0,957.0
266,Gabon,2019,94.0,18.9389,411463.0,13.7572,23.9342,,682.0,588.0
268,Georgia,2005,8.0,1.7175,72311.0,1.8452,1.5774,236097.0,238602.0,2497.0
268,Georgia,2010,44.0,1.7817,73034.0,1.9133,1.6371,361547.0,362230.0,639.0
268,Georgia,2015,587.0,1.9056,76685.0,2.0507,1.7468,266060.0,268306.0,1659.0
268,Georgia,2019,892.0,1.9775,79035.0,2.1259,1.8147,284534.0,287424.0,1998.0
270,Gambia,2005,602.0,11.7834,181905.0,11.0288,12.5476,42.0,7974.0,7330.0
270,Gambia,2010,74.0,10.3593,185763.0,9.7065,11.0219,31.0,8483.0,8378.0
270,Gambia,2015,2.0,9.2307,192540.0,8.6608,9.8097,,11775.0,11773.0
270,Gambia,2018,301.0,,,,,38.0,8826.0,8487.0
270,Gambia,2019,358.0,9.1752,215406.0,8.6074,9.7523,,4388.0,4030.0
275,State of Palestine,2005,,7.4516,266617.0,8.3482,6.5829,,,
275,State of Palestine,2010,,6.3623,258032.0,7.1746,5.5736,,,
275,State of Palestine,2015,,5.6414,255507.0,6.377,4.9272,3.0,3.0,
275,State of Palestine,2019,,5.0936,253735.0,5.7547,4.4512,,,
276,Germany,2005,71624.0,11.5222,9402447.0,11.326,11.7275,12340.0,783980.0,700016.0
276,Germany,2010,51991.0,12.1398,9812263.0,12.0451,12.2383,24378.0,670638.0,594269.0
276,Germany,2015,311551.0,12.4963,10220418.0,12.469,12.5246,11978.0,573828.0,250299.0
276,Germany,2019,339872.0,15.7239,13132146.0,14.787,16.684,14932.0,1461002.0,1106198.0
288,Ghana,2005,5496.0,1.3956,304436.0,1.3678,1.4228,1212.0,60245.0,53537.0
288,Ghana,2010,749.0,1.3601,337017.0,1.285,1.4333,184.0,14761.0,13828.0
288,Ghana,2015,2855.0,1.4892,414744.0,1.4094,1.567,,21331.0,18476.0
288,Ghana,2016,2048.0,,,,,8871.0,27328.0,16409.0
288,Ghana,2019,1355.0,1.5346,466780.0,1.4502,1.6166,,13359.0,12004.0
292,Gibraltar,2005,,27.7281,9211.0,,,,,
292,Gibraltar,2010,,30.8739,10369.0,,,,,
292,Gibraltar,2015,,32.7988,11065.0,,,,,
292,Gibraltar,2019,,33.1504,11172.0,,,,,
296,Kiribati,2005,,2.6937,2487.0,2.5088,2.8846,,,
296,Kiribati,2010,,2.7864,2868.0,2.5937,2.9852,,,
296,Kiribati,2015,,2.6314,2919.0,2.4452,2.8243,,,
296,Kiribati,2019,,2.5696,3022.0,2.3885,2.7567,,,
300,Greece,2005,8867.0,10.6078,1190707.0,10.6385,10.5765,3000.0,14257.0,2390.0
300,Greece,2010,55724.0,12.1344,1321149.0,12.2839,11.9795,260.0,57428.0,1444.0
300,Greece,2015,29157.0,11.66,1242924.0,12.3901,10.9028,214.0,37602.0,8231.0
300,Greece,2019,79237.0,11.5662,1211382.0,12.2104,10.8979,4892.0,147051.0,62922.0
304,Greenland,2005,,11.5117,6556.0,,,,,
304,Greenland,2010,,10.7543,6091.0,,,,,
304,Greenland,2015,,10.2826,5797.0,,,,,
304,Greenland,2019,,10.0402,5690.0,,,,,
308,Grenada,2005,,6.5946,6902.0,6.6673,6.5228,,,
308,Grenada,2010,3.0,6.5705,6980.0,6.6914,6.4528,,3.0,
308,Grenada,2015,,6.4389,7057.0,6.5453,6.334,,,
308,Grenada,2018,3.0,,,,,,5.0,2.0
308,Grenada,2019,,6.3605,7124.0,6.456,6.2666,3.0,7.0,4.0
312,Guadeloupe,2005,,19.9829,89065.0,20.3681,19.5544,,,
312,Guadeloupe,2010,,20.9637,94942.0,21.5623,20.2769,,,
312,Guadeloupe,2015,,22.0964,98507.0,22.8977,21.1716,,,
312,Guadeloupe,2019,,22.3329,100030.0,23.0879,21.4587,,,
316,Guam,2005,,47.1856,74743.0,46.5387,47.8055,,,
316,Guam,2010,,47.2994,75416.0,46.5364,48.0407,,,
316,Guam,2015,,47.0112,76089.0,46.0918,47.9095,,,
316,Guam,2019,,47.728,79846.0,46.6593,48.776,,,
320,Guatemala,2005,3.0,0.4372,57252.0,0.4673,0.4058,,394.0,391.0
320,Guatemala,2010,2.0,0.4537,66384.0,0.4764,0.4302,,140.0,138.0
320,Guatemala,2015,73.0,0.4821,78352.0,0.4991,0.4645,,275.0,202.0
320,Guatemala,2019,423.0,0.4574,80421.0,0.4742,0.4402,146000.0,146813.0,390.0
324,Guinea,2005,3808.0,2.5205,229611.0,2.4731,2.5726,29645.0,96978.0,63525.0
324,Guinea,2010,764.0,1.7464,177998.0,1.5955,1.9121,117.0,14994.0,14113.0
324,Guinea,2015,293.0,1.1055,126386.0,0.8784,1.3527,,8997.0,8704.0
324,Guinea,2017,105.0,,,,,1.0,5211.0,5105.0
324,Guinea,2019,1980.0,0.9446,120642.0,0.7562,1.1465,,6413.0,4433.0
328,Guyana,2005,,1.4565,10868.0,1.3568,1.5559,,,
328,Guyana,2010,,1.7515,13126.0,1.6168,1.8881,,7.0,7.0
328,Guyana,2015,1.0,2.0046,15384.0,1.8647,2.1445,,12.0,11.0
328,Guyana,2019,34.0,2.0056,15699.0,1.8744,2.1354,36401.0,36463.0,28.0
332,Haiti,2005,,0.1779,16360.0,0.1558,0.2007,,,
332,Haiti,2010,4.0,0.1727,17178.0,0.1513,0.1946,,4.0,
332,Haiti,2015,5.0,0.1686,18036.0,0.1479,0.1899,,10.0,5.0
332,Haiti,2019,9.0,0.1665,18756.0,0.146,0.1876,2992.0,3005.0,4.0
336,Holy See,2005,,100.0,798.0,,,,,
336,Holy See,2010,,100.0,794.0,,,,,
336,Holy See,2015,,100.0,803.0,,,,,
336,Holy See,2019,,100.0,799.0,,,,,
340,Honduras,2005,50.0,0.3737,27875.0,0.3587,0.3888,,72.0,22.0
340,Honduras,2010,,0.3281,27288.0,0.3114,0.3448,1.0,15.0,14.0
340,Honduras,2015,19.0,0.4205,38317.0,0.3989,0.4421,,42.0,23.0
340,Honduras,2019,77.0,0.3995,38933.0,0.3792,0.4198,251490.0,251618.0,51.0
344,"China, Hong Kong SAR",2005,1097.0,40.198,2721235.0,43.6714,36.4412,,3031.0,1934.0
344,"China, Hong Kong SAR",2010,486.0,39.9055,2779950.0,44.2412,35.023,3.0,643.0,154.0
344,"China, Hong Kong SAR",2015,9940.0,39.5027,2838665.0,44.6114,33.5984,1.0,10092.0,151.0
344,"China, Hong Kong SAR",2016,2315.0,,,,,1.0,2456.0,140.0
344,"China, Hong Kong SAR",2017,,,,,,1.0,94.0,93.0
344,"China, Hong Kong SAR",2019,,39.5669,2942254.0,44.7753,33.4455,,147.0,147.0
348,Hungary,2005,684.0,3.6366,366787.0,3.6335,3.64,192.0,8922.0,8046.0
348,Hungary,2010,367.0,4.3981,436616.0,4.3398,4.4627,62.0,5843.0,5414.0
348,Hungary,2015,24431.0,4.8631,475508.0,4.6731,5.0728,128.0,28751.0,4192.0
348,Hungary,2019,196.0,5.2871,512043.0,5.0854,5.5093,145.0,6405.0,6064.0
352,Iceland,2005,29.0,8.642,25492.0,8.893,8.3925,53.0,375.0,293.0
352,Iceland,2010,39.0,10.9547,35091.0,10.9914,10.9176,113.0,235.0,83.0
352,Iceland,2015,225.0,11.8313,39072.0,12.1554,11.5098,119.0,448.0,104.0
352,Iceland,2019,420.0,15.457,52404.0,14.721,16.1863,69.0,1154.0,665.0
356,India,2005,303.0,0.5162,5923945.0,0.5228,0.5101,2792.0,142378.0,139283.0
356,India,2010,3746.0,0.4407,5439758.0,0.4475,0.4344,5109.0,193676.0,184821.0
356,India,2015,5381.0,0.4,5240960.0,0.4064,0.3941,,205764.0,200383.0
356,India,2019,11728.0,0.3772,5154737.0,0.3831,0.3718,,206601.0,194873.0
360,Indonesia,2005,58.0,0.128,289568.0,0.1101,0.1457,263.0,410.0,89.0
360,Indonesia,2010,2071.0,0.1263,305416.0,0.1088,0.1435,12.0,2894.0,811.0
360,Indonesia,2015,7911.0,0.1309,338124.0,0.1103,0.1512,,13188.0,5277.0
360,Indonesia,2019,3325.0,0.1305,353135.0,0.1099,0.1508,,13983.0,10658.0
364,Iran (Islamic Republic of),2005,140.0,3.6824,2568930.0,3.3806,3.9739,344914.0,1319356.0,974302.0
364,Iran (Islamic Republic of),2010,1775.0,3.7439,2761561.0,3.2525,4.2273,10168.0,1085309.0,1073366.0
364,Iran (Islamic Republic of),2015,42.0,3.4735,2726420.0,3.3053,3.6376,8.0,979491.0,979441.0
364,Iran (Islamic Republic of),2018,82.0,,,,,4.0,979521.0,979435.0
364,Iran (Islamic Republic of),2019,33.0,3.2349,2682214.0,3.0724,3.3941,,979468.0,979435.0
368,Iraq,2005,1948.0,0.4937,132915.0,0.3906,0.5947,1526104.0,1578229.0,50177.0
368,Iraq,2010,3073.0,0.3947,117389.0,0.3018,0.4857,1758603.0,1796331.0,34655.0
368,Iraq,2015,7420.0,1.0103,359381.0,0.8537,1.1635,4016205.0,4311660.0,288035.0
368,Iraq,2019,12935.0,0.9363,368062.0,0.7919,1.0773,1861682.0,2132413.0,257796.0
372,Ireland,2005,2414.0,14.224,589046.0,13.4595,14.9909,4.0,9531.0,7113.0
372,Ireland,2010,5129.0,16.0406,730542.0,16.1519,15.9279,1.0,14237.0,9107.0
372,Ireland,2015,4267.0,16.3196,759256.0,16.2952,16.3444,100.0,10492.0,6125.0
372,Ireland,2019,7412.0,17.0725,833564.0,17.0365,17.109,99.0,14361.0,6850.0
376,Israel,2005,939.0,28.938,1889503.0,30.8779,26.9452,,1548.0,609.0
376,Israel,2010,5575.0,26.5518,1950615.0,28.5155,24.5394,9.0,31055.0,25471.0
376,Israel,2015,6591.0,25.2144,2011727.0,27.3193,23.0744,88.0,45179.0,38500.0
376,Israel,2019,37085.0,22.9635,1956346.0,24.9548,20.9511,42.0,55078.0,17951.0
380,Italy,2005,,6.7857,3954790.0,7.1184,6.4331,940.0,21615.0,20675.0
380,Italy,2010,4076.0,9.7562,5787893.0,10.2023,9.2804,858.0,61331.0,56397.0
380,Italy,2015,48307.0,9.5832,5805328.0,10.1574,8.9739,606.0,142628.0,93715.0
380,Italy,2019,67207.0,10.3612,6273722.0,10.8257,9.8711,822.0,261365.0,193336.0
384,Côte d’Ivoire,2005,2443.0,12.3408,2265090.0,11.2575,13.3775,71050.0,115120.0,41627.0
384,Côte d’Ivoire,2010,256.0,11.5256,2366537.0,10.4496,12.5685,538068.0,564542.0,26218.0
384,Côte d’Ivoire,2015,667.0,10.6259,2467984.0,9.5946,11.6336,724131.0,726770.0,1972.0
384,Côte d’Ivoire,2019,237.0,9.9125,2549141.0,8.9274,10.8799,690612.0,692799.0,1950.0
388,Jamaica,2005,,0.8874,24314.0,0.8717,0.9033,,,
388,Jamaica,2010,,0.8425,23677.0,0.8247,0.8604,,21.0,21.0
388,Jamaica,2015,3.0,0.8013,23167.0,0.7839,0.819,,18.0,15.0
388,Jamaica,2019,13.0,0.796,23468.0,0.7779,0.8144,,28.0,15.0
392,Japan,2005,533.0,1.5675,2011555.0,1.6509,1.4808,1770.0,4244.0,1941.0
392,Japan,2010,3047.0,1.6603,2134151.0,1.769,1.5467,1397.0,7030.0,2586.0
392,Japan,2015,10705.0,1.7441,2232189.0,1.8062,1.6791,631.0,13755.0,2419.0
392,Japan,2019,29162.0,1.9698,2498891.0,1.9885,1.9502,710.0,31522.0,1650.0
398,Kazakhstan,2005,65.0,20.1459,3103027.0,20.4196,19.8513,50598.0,57928.0,7265.0
398,Kazakhstan,2010,314.0,20.5198,3334937.0,20.3624,20.6881,7969.0,12689.0,4406.0
398,Kazakhstan,2015,149.0,20.1802,3546060.0,19.7287,20.6612,7038.0,7849.0,662.0
398,Kazakhstan,2019,175.0,19.9745,3705556.0,19.5637,20.4105,8204.0,8940.0,561.0
400,Jordan,2005,16570.0,40.3323,2325414.0,40.9083,39.7918,329.0,17864.0,965.0
400,Jordan,2010,2159.0,37.4987,2722983.0,37.6239,37.3784,107.0,453181.0,450915.0
400,Jordan,2015,20693.0,33.5833,3112026.0,33.7808,33.391,,684795.0,664102.0
400,Jordan,2019,54449.0,33.1301,3346703.0,33.3036,32.9608,855.0,756110.0,700806.0
404,Kenya,2005,16460.0,2.1116,773354.0,2.0213,2.2032,481.0,268212.0,251271.0
404,Kenya,2010,27966.0,2.272,954925.0,2.2769,2.267,320083.0,750954.0,402905.0
404,Kenya,2015,40341.0,2.3536,1126886.0,2.3406,2.3669,21231.0,613844.0,552272.0
404,Kenya,2019,49389.0,1.9874,1044854.0,1.9754,1.9995,18500.0,492544.0,424655.0
408,Dem. People's Rep. Korea,2005,,0.1677,40097.0,0.1663,0.1692,,,
408,Dem. People's Rep. Korea,2010,,0.1793,44010.0,0.1772,0.1815,,,
408,Dem. People's Rep. Korea,2015,,0.1924,48458.0,0.1892,0.1958,,,
408,Dem. People's Rep. Korea,2019,,0.1924,49393.0,0.1892,0.1958,,,
410,Republic of Korea,2005,519.0,0.9981,486065.0,0.8313,1.1637,,588.0,69.0
410,Republic of Korea,2010,712.0,1.8568,919987.0,1.5962,2.1164,179.0,1249.0,358.0
410,Republic of Korea,2015,5102.0,2.2491,1143087.0,1.9785,2.5186,200.0,6615.0,1313.0
410,Republic of Korea,2019,22070.0,2.2716,1163655.0,1.9976,2.5449,197.0,27725.0,5458.0
414,Kuwait,2005,203.0,58.7317,1333327.0,44.6098,68.5265,101000.0,102726.0,1523.0
414,Kuwait,2010,3275.0,62.5538,1871537.0,44.5101,75.7174,93000.0,96459.0,184.0
414,Kuwait,2015,1040.0,74.7248,2866136.0,61.0459,84.3025,93000.0,94633.0,593.0
414,Kuwait,2019,1005.0,72.1366,3034845.0,62.1063,78.5704,92016.0,93736.0,715.0
417,Kyrgyzstan,2005,498.0,6.0961,309399.0,7.0845,5.0905,100004.0,103100.0,2598.0
417,Kyrgyzstan,2010,554.0,4.2798,232065.0,5.0123,3.5301,301164.0,304176.0,2458.0
417,Kyrgyzstan,2015,168.0,3.4297,204382.0,4.0445,2.802,13678.0,14279.0,433.0
417,Kyrgyzstan,2019,138.0,3.1213,200260.0,3.6803,2.5503,108.0,596.0,350.0
418,Lao People's Dem. Rep.,2005,,0.3542,20371.0,0.3249,0.3841,,,
418,Lao People's Dem. Rep.,2010,,0.5274,32955.0,0.4071,0.6496,,,
418,Lao People's Dem. Rep.,2015,,0.6755,45538.0,0.4822,0.8676,,,
418,Lao People's Dem. Rep.,2019,,0.6733,48275.0,0.4811,0.8641,,5.0,5.0
419,Latin America & the Caribbean,2005,,1.296,7224942.0,1.2863,1.3058,,,
419,Latin America & the Caribbean,2010,,1.3972,8262433.0,1.3857,1.4091,,,
419,Latin America & the Caribbean,2015,37378.0,1.5132,9441679.0,1.4899,1.5374,6697290.0,7071220.0,336552.0
419,Latin America & the Caribbean,2019,759306.0,1.8011,11673288.0,1.7692,1.8341,12450136.0,13430404.0,220962.0
422,Lebanon,2005,1450.0,16.106,756784.0,15.8761,16.328,451.0,2979.0,1078.0
422,Lebanon,2010,1417.0,16.5686,820655.0,16.136,16.9878,40.0,9520.0,8063.0
422,Lebanon,2015,10851.0,30.2051,1973204.0,31.5816,28.8466,5813.0,1189052.0,1172388.0
422,Lebanon,2019,16258.0,27.1872,1863873.0,28.4165,25.9731,3156.0,949623.0,930209.0
426,Lesotho,2005,,0.3151,6290.0,0.2799,0.3528,,,
426,Lesotho,2010,,0.3214,6414.0,0.2871,0.3577,,,
426,Lesotho,2015,1.0,0.3192,6572.0,0.2878,0.3516,,45.0,44.0
426,Lesotho,2019,33.0,0.326,6928.0,0.2949,0.3579,,149.0,116.0
428,Latvia,2005,9.0,16.7285,376725.0,18.2026,14.9874,418638.0,418658.0,11.0
428,Latvia,2010,53.0,14.8092,313786.0,16.4646,12.8496,326906.0,327027.0,68.0
428,Latvia,2015,171.0,13.2864,265418.0,14.9182,11.3583,262802.0,263168.0,195.0
428,Latvia,2019,38.0,12.4435,237266.0,13.9844,10.638,224844.0,225541.0,659.0
430,Liberia,2005,29.0,2.7093,87188.0,2.2376,3.1811,498604.0,508801.0,10168.0
430,Liberia,2010,28.0,2.5474,99129.0,2.1742,2.9196,1855.0,26626.0,24743.0
430,Liberia,2015,18.0,2.5441,113779.0,2.1942,2.8917,1486.0,40408.0,38904.0
430,Liberia,2019,46.0,1.9129,94448.0,1.6526,2.1707,6.0,8752.0,8700.0
434,Libya,2005,200.0,10.7821,625212.0,6.3944,14.9045,35.0,12401.0,12166.0
434,Libya,2010,3194.0,11.0364,683998.0,6.404,15.4772,37.0,11154.0,7923.0
434,Libya,2015,8904.0,12.0148,771146.0,7.0033,16.9049,434869.0,471721.0,27948.0
434,Libya,2019,46277.0,12.0726,818216.0,7.021,17.0242,268629.0,321409.0,6503.0
438,Liechtenstein,2005,60.0,54.4407,18898.0,,,,210.0,150.0
438,Liechtenstein,2010,44.0,62.0715,22342.0,,,6.0,142.0,92.0
438,Liechtenstein,2015,75.0,63.5148,23799.0,,,2.0,184.0,107.0
438,Liechtenstein,2019,39.0,66.9849,25467.0,,,,209.0,170.0
440,Lithuania,2005,55.0,6.0165,201209.0,5.9765,6.0627,8709.0,9295.0,531.0
440,Lithuania,2010,71.0,5.1467,160772.0,5.4076,4.8406,3679.0,4553.0,803.0
440,Lithuania,2015,54.0,4.6394,136021.0,4.9637,4.2594,3583.0,4692.0,1055.0
440,Lithuania,2019,287.0,4.2476,117218.0,4.5798,3.8616,3039.0,5116.0,1790.0
442,Luxembourg,2005,,32.8974,150618.0,32.6273,33.1737,74.0,1896.0,1822.0
442,Luxembourg,2010,697.0,32.1216,163142.0,31.9735,32.2715,173.0,4124.0,3254.0
442,Luxembourg,2015,831.0,43.9157,248888.0,43.4853,44.3428,81.0,2104.0,1192.0
442,Luxembourg,2018,1015.0,,,,,83.0,3144.0,2046.0
442,Luxembourg,2019,1171.0,47.3785,291723.0,46.9611,47.787,,5742.0,4571.0
446,"China, Macao SAR",2005,,57.8447,279308.0,58.755,56.8378,,,
446,"China, Macao SAR",2010,9.0,59.1778,318506.0,61.4876,56.6759,1.0,10.0,
446,"China, Macao SAR",2015,6.0,62.4606,376066.0,64.3179,60.4447,,6.0,
446,"China, Macao SAR",2019,2.0,62.3897,399572.0,64.3355,60.2855,,2.0,
450,Madagascar,2005,,0.1421,26058.0,0.1229,0.1615,,,
450,Madagascar,2010,,0.1367,28905.0,0.1177,0.1557,1.0,1.0,
450,Madagascar,2015,9.0,0.1324,32075.0,0.1136,0.1512,,19.0,10.0
450,Madagascar,2019,80.0,0.1295,34934.0,0.1113,0.1479,,191.0,111.0
454,Malawi,2005,5331.0,1.7556,221661.0,1.8051,1.7046,49.0,9620.0,4240.0
454,Malawi,2010,9362.0,1.4974,217722.0,1.5416,1.4519,131.0,15233.0,5740.0
454,Malawi,2015,13669.0,1.3903,232803.0,1.4351,1.3441,,22632.0,8963.0
454,Malawi,2019,25299.0,1.3294,247652.0,1.3736,1.2839,250.0,39281.0,13732.0
458,Malaysia,2005,10838.0,7.4677,1918504.0,6.2684,8.6083,61555.0,106086.0,33693.0
458,Malaysia,2010,11339.0,8.5699,2417395.0,6.9368,10.1028,120015.0,212870.0,81516.0
458,Malaysia,2015,54400.0,10.8377,3280681.0,8.7463,12.8085,120000.0,271973.0,97573.0
458,Malaysia,2019,50285.0,10.7368,3430380.0,8.5867,12.7695,89631.0,266519.0,126603.0
462,Maldives,2005,,14.0938,45045.0,11.7689,16.22,,,
462,Maldives,2010,,14.945,54659.0,7.7513,20.9923,,,
462,Maldives,2015,,14.1286,64273.0,4.3193,20.7634,,,
462,Maldives,2019,,13.0424,69249.0,4.382,18.0644,,,
466,Mali,2005,1833.0,2.0101,256797.0,1.9409,2.0799,,13066.0,11233.0
466,Mali,2010,1703.0,2.2551,339375.0,2.2212,2.289,,15261.0,13558.0
466,Mali,2015,386.0,2.4113,420504.0,2.3775,2.4451,132953.0,148309.0,14970.0
466,Mali,2019,948.0,2.3819,468230.0,2.3519,2.4118,155160.0,182928.0,26820.0
470,Malta,2005,149.0,6.0694,24560.0,6.2073,5.929,,2088.0,1939.0
470,Malta,2010,1295.0,7.9681,33008.0,7.6157,8.3256,,7431.0,6136.0
470,Malta,2015,425.0,12.1418,52642.0,11.2241,13.058,,6520.0,6095.0
470,Malta,2019,1951.0,19.2903,84949.0,17.7432,20.8286,11.0,10688.0,8726.0
474,Martinique,2005,,14.3594,57034.0,14.6866,13.9845,,,
474,Martinique,2010,,15.0952,59575.0,15.6496,14.4485,,,
474,Martinique,2015,,16.3103,61731.0,17.0862,15.4092,,,
474,Martinique,2019,,16.4149,61647.0,17.1257,15.5823,,,
478,Mauritania,2005,92.0,1.9218,58119.0,1.684,2.1609,29500.0,30224.0,632.0
478,Mauritania,2010,241.0,2.4234,84679.0,2.0646,2.7823,9.0,26967.0,26717.0
478,Mauritania,2015,407.0,4.1162,166552.0,3.5904,4.6396,,77258.0,76851.0
478,Mauritania,2019,1177.0,3.8223,172987.0,3.3374,4.3034,,87342.0,86165.0
480,Mauritius,2005,,1.6078,19647.0,1.7366,1.4767,,,
480,Mauritius,2010,,1.9901,24836.0,1.8507,2.132,,,
480,Mauritius,2015,,2.2696,28585.0,2.0063,2.538,,,
480,Mauritius,2019,5.0,2.2722,28849.0,2.0025,2.5486,,26.0,21.0
484,Mexico,2005,161.0,0.6721,712487.0,0.6514,0.6938,,3390.0,3229.0
484,Mexico,2010,172.0,0.8498,969538.0,0.8218,0.879,6.0,1573.0,1395.0
484,Mexico,2015,,0.8443,1028803.0,0.8237,0.8657,68.0,2226.0,2158.0
484,Mexico,2019,50499.0,0.8314,1060707.0,0.8114,0.8524,232916.0,302089.0,18674.0
492,Monaco,2005,,62.9731,21312.0,,,,,
492,Monaco,2010,1.0,59.3395,21132.0,,,,1.0,
492,Monaco,2015,,68.8875,25983.0,,,,33.0,33.0
492,Monaco,2019,,68.0397,26511.0,,,,25.0,25.0
496,Mongolia,2005,2.0,0.4543,11477.0,0.3072,0.6028,581.0,583.0,
496,Mongolia,2010,1.0,0.5905,16062.0,0.305,0.8807,260.0,273.0,12.0
496,Mongolia,2015,5.0,0.6632,19886.0,0.4354,0.8963,16.0,32.0,11.0
496,Mongolia,2019,3.0,0.6551,21128.0,0.4289,0.8877,27.0,56.0,26.0
498,Republic of Moldova,2005,148.0,4.1142,171122.0,4.7616,3.4099,1543.0,1775.0,84.0
498,Republic of Moldova,2010,81.0,3.169,129488.0,3.643,2.6571,2032.0,2261.0,148.0
498,Republic of Moldova,2015,164.0,2.6132,106374.0,2.9751,2.2219,6233.0,6786.0,389.0
498,Republic of Moldova,2019,110.0,2.5898,104713.0,2.9388,2.2106,3632.0,4159.0,417.0
499,Montenegro,2010,5.0,12.5765,78512.0,14.8332,10.2631,1886.0,18255.0,16364.0
499,Montenegro,2015,7.0,11.4392,71719.0,13.7333,9.0923,13602.0,19812.0,6203.0
499,Montenegro,2019,440.0,11.3007,70967.0,13.5394,9.0117,12442.0,13583.0,701.0
500,Montserrat,2005,,25.7291,1244.0,,,,,
500,Montserrat,2010,14.0,26.3523,1291.0,,,,14.0,
500,Montserrat,2015,,27.1995,1351.0,,,,,
500,Montserrat,2019,,27.5606,1375.0,,,,,
504,Morocco,2005,1843.0,0.1786,54379.0,0.1741,0.1831,4.0,2066.0,219.0
504,Morocco,2010,280.0,0.2192,70909.0,0.2145,0.2241,,1072.0,792.0
504,Morocco,2015,2216.0,0.2666,92424.0,0.2632,0.2701,,4360.0,2144.0
504,Morocco,2019,2671.0,0.2703,98574.0,0.2671,0.2735,,9059.0,6388.0
508,Mozambique,2005,4015.0,1.2915,264679.0,1.2847,1.2988,40.0,6009.0,1954.0
508,Mozambique,2010,5914.0,1.3024,306471.0,1.3002,1.3047,1.0,9992.0,4077.0
508,Mozambique,2015,14257.0,1.19,321794.0,1.192,1.1878,7.0,18816.0,4552.0
508,Mozambique,2018,21072.0,,,,,21359.0,47424.0,4993.0
508,Mozambique,2019,20452.0,1.1021,334665.0,1.1071,1.0968,,25118.0,4666.0
512,Oman,2005,4.0,26.527,666160.0,12.6792,37.1628,,11.0,7.0
512,Oman,2010,13.0,26.8367,816221.0,13.048,35.9078,,91.0,78.0
512,Oman,2015,268.0,43.4984,1856226.0,20.4949,55.7682,,390.0,122.0
512,Oman,2019,256.0,45.9544,2286226.0,22.1645,58.1993,,564.0,308.0
516,Namibia,2005,1073.0,5.5381,107347.0,4.9558,6.1631,2752.0,9132.0,5307.0
516,Namibia,2010,1421.0,4.9001,103826.0,4.3862,5.4494,93.0,8768.0,7254.0
516,Namibia,2015,1100.0,4.3897,101618.0,3.9247,4.8854,1684.0,4443.0,1659.0
516,Namibia,2019,1519.0,4.3119,107561.0,3.8597,4.7928,19.0,4287.0,2749.0
520,Nauru,2005,,22.8754,2253.0,,,,,
520,Nauru,2010,,11.8241,1183.0,,,,,
520,Nauru,2015,290.0,18.2028,1890.0,,,,796.0,506.0
520,Nauru,2019,407.0,19.6541,2114.0,,,,1195.0,788.0
524,Nepal,2005,1272.0,2.6392,679457.0,3.4288,1.8393,410929.0,538637.0,126436.0
524,Nepal,2010,938.0,2.1421,578657.0,2.837,1.4253,800571.0,891317.0,89808.0
524,Nepal,2015,57.0,1.8859,509471.0,2.4157,1.2612,409.0,36753.0,36287.0
524,Nepal,2019,45.0,1.7156,490802.0,2.1997,1.1381,549.0,19298.0,18704.0
528,Netherlands,2005,14664.0,10.6074,1736127.0,10.819,10.3923,6872.0,139725.0,118189.0
528,Netherlands,2010,13053.0,10.9844,1832510.0,11.3263,10.6376,2095.0,90109.0,74961.0
528,Netherlands,2015,8097.0,11.7857,1996318.0,12.2563,11.3096,1951.0,92542.0,82494.0
528,Netherlands,2019,13728.0,13.3519,2282791.0,13.7468,12.9539,1951.0,109057.0,93378.0
531,Curaçao,2010,2.0,23.2097,34627.0,25.3379,20.7075,,9.0,7.0
531,Curaçao,2015,41.0,23.5294,37611.0,25.5648,21.1208,,85.0,44.0
531,Curaçao,2019,358.0,25.0165,40883.0,27.2473,22.3923,25687.0,26146.0,101.0
533,Aruba,2005,,32.5299,32540.0,34.2796,30.6029,,,
533,Aruba,2010,1.0,33.7635,34327.0,35.7444,31.5919,,1.0,
533,Aruba,2015,2.0,34.6115,36114.0,36.546,32.4778,,2.0,
533,Aruba,2018,292.0,,,,,,293.0,1.0
533,Aruba,2019,411.0,34.3624,36532.0,36.2235,32.3038,15598.0,16009.0,
534,Sint Maarten (Dutch part),2010,3.0,76.6799,26200.0,,,,4.0,1.0
534,Sint Maarten (Dutch part),2015,5.0,68.2921,27295.0,,,,8.0,3.0
534,Sint Maarten (Dutch part),2019,3.0,66.6698,28260.0,,,93.0,102.0,6.0
535,"Bonaire, St. Eustatius & Saba",2005,,34.9531,62205.0,,,,,
535,"Bonaire, St. Eustatius & Saba",2010,1.0,54.6562,11445.0,,,,1.0,
535,"Bonaire, St. Eustatius & Saba",2015,,52.9182,13002.0,,,,,
535,"Bonaire, St. Eustatius & Saba",2019,,59.602,15484.0,,,,,
540,New Caledonia,2005,,23.4328,55405.0,21.75,25.0877,,,
540,New Caledonia,2010,,24.1229,61158.0,22.4747,25.7457,,,
540,New Caledonia,2015,,25.4112,68881.0,24.3323,26.4727,,,
540,New Caledonia,2019,,25.6541,72537.0,24.5875,26.7068,,,
548,Vanuatu,2005,,1.3379,2800.0,1.3675,1.3095,,,
548,Vanuatu,2010,,1.2662,2991.0,1.2934,1.2399,,4.0,4.0
548,Vanuatu,2015,1.0,1.1755,3187.0,1.201,1.1507,,1.0,
548,Vanuatu,2019,1.0,1.0821,3245.0,1.1045,1.0603,,1.0,
554,New Zealand,2005,396.0,20.3115,839952.0,20.4902,20.1254,6.0,5709.0,5307.0
554,New Zealand,2010,216.0,21.6803,947443.0,21.9573,21.3932,1.0,2524.0,2307.0
554,New Zealand,2015,251.0,22.5318,1039736.0,22.8921,22.1593,,1600.0,1349.0
554,New Zealand,2019,436.0,22.3442,1068739.0,22.6952,21.9812,,2618.0,2182.0
558,Nicaragua,2005,1.0,0.642,34918.0,0.6224,0.6621,,228.0,227.0
558,Nicaragua,2010,12.0,0.641,37333.0,0.6161,0.6667,,76.0,64.0
558,Nicaragua,2015,25.0,0.647,40262.0,0.6191,0.6756,5.0,391.0,361.0
558,Nicaragua,2019,131.0,0.6443,42172.0,0.6166,0.6728,368.0,825.0,326.0
562,Niger,2005,48.0,0.9135,124461.0,0.9544,0.8723,37.0,386.0,301.0
562,Niger,2010,18.0,0.7681,126464.0,0.8065,0.7297,5.0,337.0,314.0
562,Niger,2015,122.0,1.2649,252998.0,1.3346,1.1956,120000.0,202186.0,82064.0
562,Niger,2019,4109.0,1.2619,294161.0,1.3344,1.1902,229539.0,411231.0,177583.0
566,Nigeria,2005,420.0,0.698,969294.0,0.589,0.8049,3290.0,12729.0,9019.0
566,Nigeria,2010,1815.0,0.6238,988679.0,0.5272,0.7181,34.0,10596.0,8747.0
566,Nigeria,2015,909.0,0.662,1199115.0,0.6053,0.7173,1508017.0,1510205.0,1279.0
566,Nigeria,2019,1009.0,0.6252,1256408.0,0.5721,0.6769,2167924.0,2211092.0,42159.0
570,Niue,2005,,31.016,522.0,,,,,
570,Niue,2010,,36.403,589.0,,,,,
570,Niue,2015,,36.3187,588.0,,,,,
570,Niue,2019,,36.4087,588.0,,,,,
578,Norway,2005,,7.7961,361144.0,7.9131,7.6773,1143.0,44177.0,43034.0
578,Norway,2010,12473.0,10.7821,526799.0,10.5709,10.9933,3150.0,55883.0,40260.0
578,Norway,2015,5885.0,14.3538,746375.0,13.8269,14.8736,1997.0,54925.0,47043.0
578,Norway,2019,1719.0,16.1329,867765.0,15.6333,16.6224,2809.0,59864.0,55336.0
580,Northern Mariana Islands,2005,,66.3967,37542.0,,,,,
580,Northern Mariana Islands,2010,,44.7796,24168.0,,,,,
580,Northern Mariana Islands,2015,,38.8096,21648.0,,,,,
580,Northern Mariana Islands,2019,,38.1274,21815.0,,,,,
583,Micronesia (Fed. States of),2005,,2.7372,2905.0,2.5672,2.9014,,,
583,Micronesia (Fed. States of),2010,,2.7266,2806.0,2.5713,2.8771,,,
583,Micronesia (Fed. States of),2015,34.0,2.5309,2756.0,2.3962,2.6616,,34.0,
583,Micronesia (Fed. States of),2016,1.0,,,,,,4.0,3.0
583,Micronesia (Fed. States of),2017,,,,,,,4.0,4.0
583,Micronesia (Fed. States of),2019,,2.4768,2819.0,2.3434,2.606,,,
584,Marshall Islands,2005,,4.374,2417.0,,,,,
584,Marshall Islands,2010,,5.4803,3089.0,,,,,
584,Marshall Islands,2015,,5.7174,3284.0,,,,,
584,Marshall Islands,2019,,5.6063,3296.0,,,,,
585,Palau,2005,,30.5495,6043.0,,,,,
585,Palau,2010,,30.5764,5490.0,,,,,
585,Palau,2015,,27.9479,4937.0,,,,1.0,1.0
585,Palau,2016,1.0,,,,,,1.0,
585,Palau,2017,,,,,,,5.0,5.0
585,Palau,2019,,28.1319,5066.0,,,,,
586,Pakistan,2005,3426.0,1.9782,3171132.0,1.8841,2.0665,461123.0,1549243.0,1084694.0
586,Pakistan,2010,2095.0,2.1968,3941586.0,2.1462,2.2444,2248308.0,4151024.0,1900621.0
586,Pakistan,2015,6103.0,1.7583,3506520.0,1.7162,1.798,1893008.0,3439965.0,1540854.0
586,Pakistan,2019,6978.0,1.5044,3257978.0,1.4682,1.5385,100700.0,1518362.0,1410684.0
591,Panama,2005,433.0,3.5302,117563.0,3.4912,3.5687,10273.0,12436.0,1730.0
591,Panama,2010,479.0,4.3185,157309.0,4.2141,4.4219,6.0,17558.0,17073.0
591,Panama,2015,2038.0,4.6544,184710.0,4.5431,4.7651,2.0,19343.0,17303.0
591,Panama,2019,16389.0,4.3583,185072.0,4.2772,4.4392,94598.0,113526.0,2539.0
598,Papua New Guinea,2005,4.0,0.4635,30106.0,0.3818,0.5425,135.0,10138.0,9999.0
598,Papua New Guinea,2010,1.0,0.4162,30425.0,0.3331,0.4964,,9699.0,9698.0
598,Papua New Guinea,2015,400.0,0.3816,30940.0,0.3072,0.4531,,9910.0,9510.0
598,Papua New Guinea,2019,138.0,0.3556,31212.0,0.2856,0.4229,,9900.0,9762.0
600,Paraguay,2005,8.0,2.8887,168243.0,2.8094,2.9656,,58.0,50.0
600,Paraguay,2010,8.0,2.5656,160299.0,2.5051,2.6241,,115.0,107.0
600,Paraguay,2015,39.0,2.3392,156462.0,2.2879,2.3887,,200.0,161.0
600,Paraguay,2019,659.0,2.2786,160519.0,2.2261,2.3294,3350.0,4293.0,284.0
604,Peru,2005,336.0,0.2795,77877.0,0.2785,0.2804,1.0,1185.0,848.0
604,Peru,2010,264.0,0.3607,104706.0,0.334,0.3876,1.0,1411.0,1146.0
604,Peru,2015,366.0,0.5079,154774.0,0.4152,0.6019,,1773.0,1407.0
604,Peru,2019,382152.0,2.4059,782169.0,2.1871,2.6276,475357.0,860145.0,2636.0
608,Philippines,2005,42.0,0.2982,257468.0,0.2898,0.3066,775.0,913.0,96.0
608,Philippines,2010,73.0,0.222,208599.0,0.2162,0.2277,139577.0,139893.0,243.0
608,Philippines,2015,163.0,0.2075,211862.0,0.2012,0.2136,385746.0,386163.0,254.0
608,Philippines,2019,297.0,0.2021,218530.0,0.1957,0.2085,225829.0,226775.0,649.0
616,Poland,2005,1627.0,1.8831,722509.0,2.1497,1.599,75.0,6306.0,4604.0
616,Poland,2010,2126.0,1.676,642417.0,1.9202,1.4152,763.0,18444.0,15555.0
616,Poland,2015,2470.0,1.6285,619403.0,1.8348,1.4092,10825.0,29036.0,15741.0
616,Poland,2019,3108.0,1.7314,655985.0,1.8755,1.5781,10825.0,26482.0,12549.0
620,Portugal,2005,,7.3387,771184.0,7.2655,7.4169,,363.0,363.0
620,Portugal,2010,72.0,7.1991,762825.0,7.0819,7.3269,31.0,487.0,384.0
620,Portugal,2015,641.0,8.3409,864814.0,8.5451,8.1139,14.0,1354.0,699.0
620,Portugal,2019,802.0,8.6852,888162.0,8.8396,8.5131,14.0,3044.0,2228.0
624,Guinea-Bissau,2005,166.0,1.5418,20736.0,1.4998,1.5868,,7782.0,7616.0
624,Guinea-Bissau,2010,330.0,1.3832,21061.0,1.3707,1.3965,5.0,8014.0,7679.0
624,Guinea-Bissau,2015,123.0,1.2856,22333.0,1.291,1.2798,,8807.0,8684.0
624,Guinea-Bissau,2019,34.0,1.4012,26916.0,1.418,1.3836,,1886.0,1852.0
626,Timor-Leste,2005,10.0,1.1341,11286.0,1.1589,1.1098,,13.0,3.0
626,Timor-Leste,2010,4.0,1.0553,11540.0,1.0546,1.056,,5.0,1.0
626,Timor-Leste,2015,,0.7122,8520.0,0.57,0.8513,5.0,5.0,
626,Timor-Leste,2019,,0.6509,8417.0,0.5208,0.7783,2.0,2.0,
630,Puerto Rico,2005,,9.6959,352144.0,9.8048,9.5776,,,
630,Puerto Rico,2010,,8.5191,304969.0,8.708,8.3146,,,
630,Puerto Rico,2015,,8.2949,280494.0,8.4799,8.0933,,,
630,Puerto Rico,2019,,9.0962,266828.0,9.2672,8.9068,,,
634,Qatar,2005,28.0,74.6492,646026.0,52.5701,85.253,,74.0,46.0
634,Qatar,2010,16.0,78.4567,1456413.0,57.1668,85.0124,1200.0,1267.0,51.0
634,Qatar,2015,100.0,65.7767,1687640.0,44.0746,72.6261,1200.0,1433.0,133.0
634,Qatar,2019,100.0,78.7301,2229688.0,54.9724,86.5085,1200.0,1499.0,199.0
638,Réunion,2005,,14.5372,115076.0,13.8611,15.2388,,,
638,Réunion,2010,,14.8135,123029.0,14.0816,15.5936,,,
638,Réunion,2015,,14.7341,127209.0,14.0752,15.436,,,
638,Réunion,2019,,14.5291,129153.0,13.8732,15.2281,,,
642,Romania,2005,264.0,0.6778,145162.0,0.6832,0.6721,400.0,2720.0,2056.0
642,Romania,2010,388.0,0.8656,177211.0,0.8502,0.882,321.0,1730.0,1021.0
642,Romania,2015,138.0,1.4105,281048.0,1.3133,1.513,294.0,2858.0,2426.0
642,Romania,2019,376.0,2.3887,462552.0,2.1486,2.6422,225.0,4766.0,4165.0
643,Russian Federation,2005,292.0,8.121,11667588.0,7.6294,8.6858,481282.0,483097.0,1523.0
643,Russian Federation,2010,1463.0,7.8023,11194710.0,7.383,8.2872,126170.0,132555.0,4922.0
643,Russian Federation,2015,2423.0,8.0307,11643276.0,7.6183,8.5084,113474.0,431210.0,315313.0
643,Russian Federation,2019,672.0,7.98,11640559.0,7.5722,8.4521,72323.0,135465.0,62470.0
646,Rwanda,2005,4301.0,4.7871,423187.0,4.6496,4.9305,14849.0,64356.0,45206.0
646,Rwanda,2010,290.0,4.2523,426901.0,4.1585,4.3498,2.0,55690.0,55398.0
646,Rwanda,2015,253.0,4.5267,514647.0,4.4642,4.5915,2557.0,135553.0,132743.0
646,Rwanda,2019,299.0,4.276,539932.0,4.2053,4.3492,4990.0,150124.0,144835.0
654,Saint Helena,2005,,3.0388,163.0,,,,,
654,Saint Helena,2010,,4.7849,248.0,,,,,
654,Saint Helena,2015,,6.428,377.0,,,,,
654,Saint Helena,2019,,7.1464,433.0,,,,,
659,Saint Kitts and Nevis,2005,,14.2604,6682.0,,,,,
659,Saint Kitts and Nevis,2010,,14.7809,7245.0,,,,,
659,Saint Kitts and Nevis,2015,,14.5363,7443.0,,,,1.0,1.0
659,Saint Kitts and Nevis,2019,,14.3631,7587.0,,,,4.0,4.0
660,Anguilla,2005,,37.6134,4684.0,,,,,
660,Anguilla,2010,,37.9744,5103.0,,,,,
660,Anguilla,2015,,38.308,5470.0,,,,,
660,Anguilla,2018,,,,,,,1.0,1.0
660,Anguilla,2019,,38.1936,5679.0,,,,,
662,Saint Lucia,2005,,6.0226,9842.0,6.0033,6.0434,,,
662,Saint Lucia,2010,6.0,5.1992,9051.0,5.2865,5.1087,1.0,7.0,
662,Saint Lucia,2015,2.0,4.8418,8673.0,4.9428,4.7375,60.0,64.0,2.0
662,Saint Lucia,2018,3.0,,,,,,5.0,2.0
662,Saint Lucia,2019,,4.5861,8383.0,4.6964,4.4723,,2.0,2.0
666,Saint Pierre and Miquelon,2005,,18.7326,1147.0,,,,,
666,Saint Pierre and Miquelon,2010,,16.0082,1017.0,,,,,
666,Saint Pierre and Miquelon,2015,,16.4525,986.0,,,,,
666,Saint Pierre and Miquelon,2019,,17.0045,990.0,,,,,
670,Saint Vincent & Grenadines,2005,,4.0842,4436.0,4.1641,4.0057,,,
670,Saint Vincent & Grenadines,2010,,4.2206,4569.0,4.2646,4.1777,,,
670,Saint Vincent & Grenadines,2015,,4.2484,4637.0,4.2611,4.2371,,,
670,Saint Vincent & Grenadines,2019,,4.2427,4692.0,4.2095,4.2747,,,
674,San Marino,2005,,14.3841,4218.0,,,,,
674,San Marino,2010,,15.6265,4880.0,,,,,
674,San Marino,2015,,15.6137,5195.0,,,,,
674,San Marino,2019,,16.264,5507.0,,,,,
678,Sao Tome and Principe,2005,,2.1801,3433.0,2.145,2.2159,,,
678,Sao Tome and Principe,2010,,1.4969,2700.0,1.4942,1.4996,,,
678,Sao Tome and Principe,2015,,1.2004,2394.0,1.201,1.1997,,,
678,Sao Tome and Principe,2019,,1.0109,2174.0,1.0136,1.0083,,,
682,Saudi Arabia,2005,212.0,27.3,6501819.0,19.2512,33.7066,70084.0,310997.0,240701.0
682,Saudi Arabia,2010,87.0,30.7422,8429956.0,20.8161,38.4591,70000.0,70669.0,582.0
682,Saudi Arabia,2015,93.0,33.9601,10771366.0,24.2007,41.3587,70000.0,70304.0,211.0
682,Saudi Arabia,2019,2209.0,38.2927,13122338.0,28.4512,45.4984,70000.0,72510.0,301.0
686,Senegal,2005,2629.0,2.1487,238298.0,1.9998,2.3047,12.0,23353.0,20712.0
686,Senegal,2010,2177.0,2.0199,256092.0,1.8478,2.2014,1401.0,24250.0,20672.0
686,Senegal,2015,2956.0,1.828,266496.0,1.6704,1.9945,,17260.0,14304.0
686,Senegal,2019,1758.0,1.689,275239.0,1.5478,1.8373,,16175.0,14417.0
688,Serbia,2005,33.0,8.7139,854848.0,9.4244,7.9736,338641.0,486938.0,148264.0
688,Serbia,2010,209.0,9.1898,826275.0,10.0663,8.2778,238810.0,312627.0,73608.0
688,Serbia,2015,464.0,9.0961,807441.0,9.9932,8.163,223949.0,259722.0,35309.0
688,Serbia,2018,140.0,,,,,219601.0,250676.0,30935.0
688,Serbia,2019,,9.3512,820312.0,10.2596,8.4054,,,
690,Seychelles,2005,,10.1491,8997.0,7.163,13.138,,,
690,Seychelles,2010,,12.5131,11420.0,8.1845,16.5718,,,
690,Seychelles,2015,,13.4673,12791.0,8.3225,18.3195,,,
690,Seychelles,2018,1.0,,,,,,1.0,
690,Seychelles,2019,,13.225,12926.0,8.1494,18.0378,,,
694,Sierra Leone,2005,177.0,2.587,146050.0,2.4442,2.7316,6202.0,66344.0,59965.0
694,Sierra Leone,2010,210.0,1.2322,79055.0,1.1027,1.363,38.0,8611.0,8363.0
694,Sierra Leone,2015,16.0,0.82,58813.0,0.7155,0.9253,,1387.0,1371.0
694,Sierra Leone,2017,1.0,,,,,,694.0,693.0
694,Sierra Leone,2019,,0.6954,54332.0,0.603,0.7881,,370.0,370.0
702,Singapore,2005,1.0,40.1013,1710594.0,45.1184,35.1921,,4.0,3.0
702,Singapore,2010,,42.1891,2164794.0,49.1826,35.7684,,7.0,7.0
702,Singapore,2015,,45.4859,2543638.0,53.2946,38.3732,1.0,1.0,
702,Singapore,2019,,37.1387,2155653.0,43.5795,31.2746,1304.0,1304.0,
703,Slovakia,2005,2707.0,2.417,130491.0,2.5805,2.2432,,3075.0,368.0
703,Slovakia,2010,267.0,2.7075,146319.0,2.8524,2.5536,911.0,1639.0,461.0
703,Slovakia,2015,61.0,3.2678,177624.0,3.1711,3.3701,1671.0,2531.0,799.0
703,Slovakia,2019,7.0,3.4448,187984.0,3.2842,3.6141,1523.0,2493.0,963.0
704,Viet Nam,2005,,0.0618,51768.0,0.0488,0.0749,15000.0,17357.0,2357.0
704,Viet Nam,2010,,0.0702,61756.0,0.0583,0.0822,10200.0,12128.0,1928.0
704,Viet Nam,2015,,0.0785,72793.0,0.0659,0.0913,11000.0,11000.0,
704,Viet Nam,2019,,0.0789,76104.0,0.0663,0.0916,34110.0,34110.0,
705,Slovenia,2005,185.0,10.8883,217218.0,9.8557,11.9674,715.0,1151.0,251.0
705,Slovenia,2010,121.0,12.4202,253786.0,10.9134,13.9543,4119.0,4554.0,314.0
705,Slovenia,2015,43.0,11.4724,237616.0,9.9003,13.0639,4.0,330.0,283.0
705,Slovenia,2019,360.0,12.1772,253122.0,10.5842,13.7845,4.0,1153.0,789.0
706,Somalia,2005,98.0,0.1979,20670.0,0.1843,0.2114,400000.0,400591.0,493.0
706,Somalia,2010,24111.0,0.3994,48106.0,0.3798,0.4191,1463780.0,1489828.0,1937.0
706,Somalia,2015,9320.0,0.2971,40990.0,0.2807,0.3136,1152073.0,1164975.0,3582.0
706,Somalia,2019,17189.0,0.3376,52131.0,0.3222,0.353,2660103.0,2694661.0,17369.0
710,South Africa,2005,140095.0,2.8217,1351031.0,2.3432,3.3137,100.0,169909.0,29714.0
710,South Africa,2010,171702.0,4.1291,2114801.0,3.4418,4.8348,134.0,229735.0,57899.0
710,South Africa,2015,798080.0,6.891,3816695.0,6.0415,7.7627,,912592.0,114512.0
710,South Africa,2019,184203.0,7.2138,4224256.0,6.3096,8.1442,,273488.0,89285.0
716,Zimbabwe,2005,118.0,3.3306,402226.0,2.7486,3.9638,7.0,13975.0,13850.0
716,Zimbabwe,2010,416.0,3.1368,398307.0,2.5735,3.756,,4851.0,4435.0
716,Zimbabwe,2015,123.0,2.899,400482.0,2.4128,3.4352,301883.0,308091.0,6085.0
716,Zimbabwe,2019,11155.0,2.8081,411257.0,2.318,3.3458,969.0,20830.0,8706.0
724,Spain,2005,,9.3305,4107226.0,8.8173,9.8577,27.0,5401.0,5374.0
724,Spain,2010,2712.0,13.3815,6280065.0,12.8159,13.9602,31.0,6563.0,3820.0
724,Spain,2015,11020.0,12.6226,5891208.0,12.6589,12.585,440.0,17258.0,5798.0
724,Spain,2019,122101.0,13.0608,6104203.0,13.4187,12.6902,3567.0,149130.0,23462.0
728,South Sudan,2010,,2.7124,257905.0,2.6328,2.7921,,,
728,South Sudan,2015,632.0,7.8775,844122.0,7.7154,8.0394,1792014.0,2058533.0,265887.0
728,South Sudan,2019,2977.0,7.8245,865552.0,7.6711,7.9775,1890670.0,2189633.0,295986.0
729,Sudan,2005,4425.0,1.4198,546419.0,1.3968,1.4427,878067.0,1029748.0,147256.0
729,Sudan,2010,6046.0,1.791,618709.0,1.7568,1.8254,1767167.0,1951521.0,178308.0
729,Sudan,2015,11448.0,1.5951,620523.0,1.5845,1.6056,2400270.0,2767909.0,356191.0
729,Sudan,2019,16979.0,2.8568,1223092.0,2.8748,2.8388,1870023.0,2974062.0,1087060.0
732,Western Sahara,2005,,0.8893,3891.0,0.8059,0.9641,,,
732,Western Sahara,2010,,0.9355,4493.0,0.8272,1.0329,,,
732,Western Sahara,2015,,0.9842,5179.0,0.8482,1.1073,,,
732,Western Sahara,2019,,0.9244,5384.0,0.7933,1.0438,,,
740,Suriname,2005,,6.74,33664.0,6.1905,7.2801,,,
740,Suriname,2010,7.0,7.5053,39713.0,6.8754,8.1262,,8.0,1.0
740,Suriname,2015,,7.7131,43127.0,7.0488,8.3693,,1.0,1.0
740,Suriname,2018,70.0,,,,,2.0,119.0,47.0
740,Suriname,2019,385.0,7.9393,46157.0,7.2395,8.6318,,433.0,48.0
748,Eswatini,2005,256.0,3.2401,33392.0,2.9599,3.5503,,1016.0,760.0
748,Eswatini,2010,,3.065,32637.0,2.8165,3.3434,,759.0,759.0
748,Eswatini,2015,321.0,2.9303,32352.0,2.75,3.124,4.0,864.0,539.0
748,Eswatini,2017,462.0,,,,,10.0,1242.0,770.0
748,Eswatini,2019,836.0,2.8141,32310.0,2.687,2.9464,,1759.0,923.0
752,Sweden,2005,15702.0,12.4553,1125790.0,12.8892,12.0143,5785.0,96402.0,74915.0
752,Sweden,2010,18635.0,14.7487,1384929.0,15.1039,14.3908,9545.0,110809.0,82629.0
752,Sweden,2015,56135.0,17.1661,1676264.0,17.3673,16.9648,27167.0,225509.0,142207.0
752,Sweden,2019,31255.0,19.9794,2005210.0,19.8905,20.068,31819.0,310363.0,247289.0
756,Switzerland,2005,14428.0,24.4413,1805437.0,23.418,25.5085,990.0,63448.0,48030.0
756,Switzerland,2010,12916.0,26.5753,2075182.0,26.9901,26.1478,127.0,61856.0,48813.0
756,Switzerland,2015,17085.0,29.1245,2416394.0,29.4267,28.8161,76.0,86551.0,69390.0
756,Switzerland,2019,13173.0,29.9374,2572029.0,30.1726,29.6983,44.0,120117.0,106900.0
760,Syrian Arab Republic,2005,1898.0,4.7835,878308.0,4.7579,4.8081,300001.0,327988.0,26089.0
760,Syrian Arab Republic,2010,2446.0,8.3677,1787561.0,8.2681,8.4655,300194.0,1308112.0,1005472.0
760,Syrian Arab Republic,2015,4839.0,4.8406,871174.0,4.7711,4.909,7792500.0,7946539.0,149200.0
760,Syrian Arab Republic,2019,14699.0,5.084,867848.0,4.969,5.1985,6355253.0,6386749.0,16797.0
762,Tajikistan,2005,22.0,4.131,280466.0,4.7113,3.557,25.0,1065.0,1018.0
762,Tajikistan,2010,1656.0,3.7172,279808.0,4.2372,3.2066,2338.0,7125.0,3131.0
762,Tajikistan,2015,79.0,3.2541,275101.0,3.7354,2.7815,10082.0,11943.0,1782.0
762,Tajikistan,2019,2170.0,2.9404,274071.0,3.3714,2.5161,6842.0,11299.0,2287.0
764,Thailand,2005,32163.0,3.3072,2163447.0,3.2407,3.3759,136.0,149352.0,117053.0
764,Thailand,2010,10250.0,4.7982,3224131.0,4.6678,4.9338,542505.0,649430.0,96675.0
764,Thailand,2015,8166.0,5.0739,3486526.0,4.9362,5.2182,506718.0,625256.0,110372.0
764,Thailand,2019,878.0,5.2209,3635085.0,5.0659,5.3842,475930.0,576898.0,100090.0
768,Togo,2005,420.0,3.6317,203799.0,3.5537,3.7114,9012.0,18719.0,9287.0
768,Togo,2010,151.0,3.9774,255413.0,3.8955,4.0605,5.0,14207.0,14051.0
768,Togo,2015,687.0,3.7878,277384.0,3.7412,3.8349,,22564.0,21877.0
768,Togo,2019,677.0,3.4537,279142.0,3.394,3.514,15.0,13025.0,12333.0
772,Tokelau,2005,,21.3576,258.0,,,,,
772,Tokelau,2010,,37.6316,429.0,,,,,
772,Tokelau,2015,,38.8978,487.0,,,,,
772,Tokelau,2019,,37.6119,504.0,,,,,
776,Tonga,2005,,4.2624,4301.0,3.9339,4.5882,,,
776,Tonga,2010,3.0,4.4275,4604.0,4.0578,4.7957,,3.0,
776,Tonga,2015,,3.9234,3954.0,3.563,4.284,,,
776,Tonga,2019,1.0,3.5906,3752.0,3.2637,3.9169,,1.0,
780,Trinidad and Tobago,2005,,3.4564,44812.0,3.6992,3.2098,,,
780,Trinidad and Tobago,2010,102.0,3.6311,48226.0,3.7402,3.5198,,131.0,29.0
780,Trinidad and Tobago,2015,59.0,3.6503,50021.0,3.6899,3.6098,,180.0,121.0
780,Trinidad and Tobago,2019,14468.0,4.2473,59249.0,4.2685,4.2257,27306.0,43018.0,1244.0
784,United Arab Emirates,2005,79.0,71.5116,3281115.0,65.7099,73.9526,,183.0,104.0
784,United Arab Emirates,2010,86.0,85.5755,7316697.0,86.0364,85.4202,,624.0,538.0
784,United Arab Emirates,2015,378.0,86.3134,7995126.0,76.766,90.3282,,802.0,424.0
784,United Arab Emirates,2019,7320.0,87.8894,8587256.0,75.2812,93.4861,137.0,8684.0,1227.0
788,Tunisia,2005,26.0,0.3467,35040.0,0.3375,0.3559,,113.0,87.0
788,Tunisia,2010,23.0,0.4059,43172.0,0.3926,0.4193,3.0,115.0,89.0
788,Tunisia,2015,156.0,0.5057,56532.0,0.4838,0.5279,3.0,983.0,824.0
788,Tunisia,2019,697.0,0.4913,57455.0,0.4699,0.513,9.0,2047.0,1341.0
792,Turkey,2005,4872.0,1.9428,1319236.0,2.0308,1.852,1434.0,8705.0,2399.0
792,Turkey,2010,6715.0,1.8901,1367034.0,2.0158,1.7601,1086.0,17833.0,10032.0
792,Turkey,2015,145335.0,5.5345,4346197.0,4.9049,6.1841,1086.0,1985269.0,1838848.0
792,Turkey,2019,317820.0,7.0441,5876829.0,6.197,7.9133,1.0,3940105.0,3622284.0
795,Turkmenistan,2005,2.0,4.4809,213053.0,4.6295,4.3274,45.0,12010.0,11963.0
795,Turkmenistan,2010,,3.8917,197979.0,4.1531,3.6217,20000.0,20062.0,62.0
795,Turkmenistan,2015,,3.5286,196376.0,3.711,3.3405,7144.0,7171.0,27.0
795,Turkmenistan,2019,,3.2838,195127.0,3.4109,3.1528,5215.0,5237.0,22.0
796,Turks and Caicos Islands,2005,,46.5401,13115.0,,,,,
796,Turks and Caicos Islands,2010,,52.7128,17216.0,,,,,
796,Turks and Caicos Islands,2015,4.0,63.1417,22719.0,,,,8.0,4.0
796,Turks and Caicos Islands,2019,,64.2403,24534.0,,,,4.0,4.0
798,Tuvalu,2005,,2.09,209.0,,,,,
798,Tuvalu,2010,,2.0893,220.0,,,,,
798,Tuvalu,2015,,2.0723,230.0,,,,,
798,Tuvalu,2019,,2.0436,238.0,,,,,
800,Uganda,2005,1809.0,2.1431,593308.0,2.1443,2.1419,1636.0,260701.0,257256.0
800,Uganda,2010,20804.0,1.5201,492930.0,1.5201,1.52,437775.0,594380.0,135801.0
800,Uganda,2015,38068.0,2.2267,851175.0,2.2382,2.2148,180000.0,646465.0,428397.0
800,Uganda,2019,26539.0,3.9173,1734166.0,3.9958,3.8364,1152255.0,2445837.0,1267043.0
804,Ukraine,2005,1618.0,10.7704,5050302.0,11.4645,9.968,72896.0,76860.0,2346.0
804,Ukraine,2010,2981.0,10.5231,4818767.0,11.1388,9.805,40357.0,46360.0,3022.0
804,Ukraine,2015,6169.0,10.9416,4915142.0,11.6042,10.1719,1417179.0,1426580.0,3232.0
804,Ukraine,2019,2103.0,11.2841,4964293.0,11.9808,10.4768,1535650.0,1540380.0,2627.0
807,North Macedonia,2005,723.0,6.1966,127667.0,7.2243,5.1682,2451.0,4448.0,1274.0
807,North Macedonia,2010,161.0,6.2635,129701.0,7.3019,5.2242,1731.0,3290.0,1398.0
807,North Macedonia,2015,43.0,6.2871,130730.0,7.3377,5.238,717.0,1588.0,828.0
807,North Macedonia,2019,57.0,6.296,131175.0,7.347,5.2463,17103.0,17558.0,398.0
818,Egypt,2005,11005.0,0.3774,285006.0,0.3201,0.4337,203.0,100154.0,88946.0
818,Egypt,2010,14303.0,0.3746,310017.0,0.3319,0.4165,570.0,109929.0,95056.0
818,Egypt,2015,30019.0,0.3826,353641.0,0.3198,0.444,21.0,256384.0,226344.0
818,Egypt,2019,63448.0,0.5021,504053.0,0.4691,0.5344,4.0,319472.0,256020.0
826,United Kingdom,2005,12500.0,9.8298,5926156.0,10.1005,9.5475,909.0,316590.0,303181.0
826,United Kingdom,2010,14880.0,11.2192,7119664.0,11.3528,11.0808,229.0,253259.0,238150.0
826,United Kingdom,2015,37829.0,12.7719,8411569.0,13.1377,12.3955,16.0,155079.0,117234.0
826,United Kingdom,2019,43833.0,14.145,9552110.0,14.5415,13.7385,176.0,176709.0,132700.0
830,Channel Islands,2005,,46.7708,70941.0,48.2587,45.2247,,,
830,Channel Islands,2010,,48.5689,77581.0,50.1,47.0019,,,
830,Channel Islands,2015,,49.7669,82307.0,51.3547,48.1399,,,
830,Channel Islands,2019,,48.6668,83833.0,50.2988,46.9984,,,
833,Isle of Man,2005,,51.6468,41475.0,,,,,
833,Isle of Man,2010,,51.2003,43447.0,,,,,
833,Isle of Man,2015,,50.7461,42238.0,,,,,
833,Isle of Man,2019,,50.6763,42864.0,,,,,
834,United Rep. of Tanzania,2005,307.0,2.0056,771153.0,1.4715,2.5446,81519.0,630650.0,548824.0
834,United Rep. of Tanzania,2010,1247.0,0.6987,309847.0,0.6985,0.6989,163269.0,273802.0,109286.0
834,United Rep. of Tanzania,2015,1150.0,0.747,384567.0,0.7521,0.7418,168019.0,328183.0,159014.0
834,United Rep. of Tanzania,2019,36656.0,0.8778,509166.0,0.888,0.8676,19024.0,320281.0,264601.0
840,United States of America,2005,169743.0,13.3082,39258293.0,13.146,13.4747,76.0,549159.0,379340.0
840,United States of America,2010,6285.0,14.2984,44183643.0,14.3794,14.2153,89.0,270943.0,264569.0
840,United States of America,2015,224508.0,15.0147,48178877.0,15.251,14.7732,,491730.0,267222.0
840,United States of America,2019,724387.0,15.3955,50661149.0,15.7441,15.0396,,1043239.0,318852.0
850,United States Virgin Islands,2005,,52.5512,56647.0,53.7037,51.3113,,,
850,United States Virgin Islands,2010,,53.4316,56684.0,54.1622,52.6366,,,
850,United States Virgin Islands,2015,,54.0416,56721.0,54.5943,53.4432,,,
850,United States Virgin Islands,2019,,54.2609,56745.0,54.6788,53.7985,,,
854,Burkina Faso,2005,784.0,4.4528,597658.0,4.5851,4.317,7.0,1302.0,511.0
854,Burkina Faso,2010,534.0,4.3219,674438.0,4.4931,4.1478,9.0,1074.0,531.0
854,Burkina Faso,2015,180.0,3.891,704676.0,4.0624,3.7181,,34207.0,34027.0
854,Burkina Faso,2019,47.0,3.5349,718338.0,3.7008,3.3685,170447.0,196255.0,25761.0
858,Uruguay,2005,9.0,2.4781,82317.0,2.5974,2.3501,,130.0,121.0
858,Uruguay,2010,40.0,2.2714,76303.0,2.3999,2.1333,,229.0,189.0
858,Uruguay,2015,68.0,2.3095,78799.0,2.4433,2.1658,,357.0,289.0
858,Uruguay,2019,8428.0,2.3538,81482.0,2.4859,2.2123,12607.0,21460.0,425.0
860,Uzbekistan,2005,587.0,5.0323,1329932.0,5.5668,4.491,5.0,44542.0,43950.0
860,Uzbekistan,2010,,4.2788,1220149.0,4.6169,3.9372,2.0,313.0,311.0
860,Uzbekistan,2015,,3.7856,1170873.0,4.0273,3.5421,86703.0,86821.0,118.0
860,Uzbekistan,2019,,3.5425,1168384.0,3.7706,3.3133,95858.0,95872.0,14.0
862,Venezuela (Boliv. Rep. of),2005,5912.0,4.0725,1076474.0,4.0772,4.0679,200001.0,206321.0,408.0
862,Venezuela (Boliv. Rep. of),2010,15859.0,4.7375,1347347.0,4.7093,4.7658,,217406.0,201547.0
862,Venezuela (Boliv. Rep. of),2015,704.0,4.6688,1404448.0,4.6335,4.7044,,174895.0,174191.0
862,Venezuela (Boliv. Rep. of),2019,52.0,4.8243,1375690.0,4.7663,4.884,385000.0,452640.0,67588.0
876,Wallis and Futuna Islands,2005,,14.6663,2191.0,,,,,
876,Wallis and Futuna Islands,2010,,12.7985,1624.0,,,,,
876,Wallis and Futuna Islands,2015,,8.5766,1052.0,,,,,
876,Wallis and Futuna Islands,2019,,8.9398,1022.0,,,,,
882,Samoa,2005,,3.1971,5746.0,3.2404,3.1569,,,
882,Samoa,2010,,2.7545,5122.0,2.81,2.7027,,,
882,Samoa,2015,,2.1973,4252.0,2.2509,2.1472,,,
882,Samoa,2018,,,,,,,3.0,3.0
882,Samoa,2019,1.0,2.0472,4035.0,2.1001,1.998,,1.0,
887,Yemen,2005,798.0,0.8548,171871.0,0.7319,0.9757,48.0,82783.0,81937.0
887,Yemen,2010,2557.0,1.2455,288394.0,1.1519,1.3376,315929.0,508578.0,190092.0
887,Yemen,2015,9902.0,1.4336,379882.0,1.3734,1.4929,1267590.0,1540539.0,263047.0
887,Yemen,2019,9853.0,1.3224,385628.0,1.2662,1.3777,3647264.0,3922900.0,265783.0
891,Serbia and Monten. [former],2019,242.0,,,,,217826.0,248616.0,30548.0
894,Zambia,2005,146.0,2.133,252895.0,2.0727,2.1947,29833.0,185697.0,155718.0
894,Zambia,2010,325.0,1.1022,149962.0,1.0747,1.1303,9687.0,57869.0,47857.0
894,Zambia,2015,2606.0,0.8319,132107.0,0.8159,0.8483,23415.0,51758.0,25737.0
894,Zambia,2019,3737.0,0.9532,170249.0,0.9332,0.9736,23113.0,81776.0,54926.0
