Area_Code,Country_Origin,Year,PopulationYoung_Percentage,PopulationOld_Percentage,PopulationDensity,PopulationMidYear,PopulationMidYear_Females,PopulationMidYear_Males,SexRatio_MalesPer100Females,SurfaceArea
1,"Total, all countries or areas",2005,28.1425,10.2516,50.286,6541.907,3245.4217,3296.4853,101.5734,
1,"Total, all countries or areas",2010,26.9741,10.981,53.4754,6956.8236,3449.12,3507.7036,101.6985,
1,"Total, all countries or areas",2017,25.8943,12.7105,58.0185,7547.8589,3742.3898,3805.4691,101.6855,136162.0
1,"Total, all countries or areas",2019,25.6082,13.2011,59.2915,7713.4681,3824.4336,3889.0346,101.6892,
2,Africa,2005,41.8707,5.1112,30.9005,916.1543,459.5062,456.6481,99.378,
2,Africa,2010,41.4901,5.1369,35.0542,1039.304,521.0514,518.2526,99.4629,
2,Africa,2017,40.92,5.3562,41.9658,1244.2223,622.8357,621.3865,99.7673,30311.0
2,Africa,2019,40.5557,5.4575,44.1191,1308.0642,654.5505,653.5137,99.8416,
4,Afghanistan,2005,47.8596,3.6579,39.2952,25.6543,12.4146,13.2397,106.6462,
4,Afghanistan,2010,48.1781,3.874,44.7041,29.1855,14.2498,14.9358,104.8141,
4,Afghanistan,2017,43.6825,4.0661,55.5956,36.2961,17.6441,18.652,105.7122,652.864
4,Afghanistan,2019,42.4723,4.1655,58.2694,38.0418,18.512,19.5297,105.4975,
5,South America,2005,28.7936,9.2315,21.2933,371.8047,188.0495,183.7551,97.7163,
5,South America,2010,26.4884,10.3688,22.481,392.5437,198.7586,193.7851,97.4977,
5,South America,2017,23.6399,12.6149,24.0479,419.9039,213.0125,206.8914,97.1264,17832.0
5,South America,2019,22.9478,13.3484,24.4658,427.1994,216.8226,210.3768,97.0272,
8,Albania,2005,26.5009,12.2865,112.6573,3.0868,1.5348,1.552,101.1167,
8,Albania,2010,22.4551,14.9649,107.5921,2.948,1.463,1.4851,101.5111,
8,Albania,2017,18.0283,19.0889,105.2616,2.8842,1.4146,1.4696,103.8886,28.748
8,Albania,2019,17.3996,20.4779,105.143,2.8809,1.4141,1.4668,103.7236,
9,Oceania,2005,24.9751,13.9942,3.9699,33.6902,16.8243,16.8659,100.2477,
9,Oceania,2010,24.1496,15.1661,4.3449,36.8731,18.3835,18.4896,100.5771,
9,Oceania,2017,23.699,16.7342,4.832,41.0065,20.4817,20.5248,100.2101,8564.0
9,Oceania,2019,23.6886,17.2497,4.9641,42.128,21.0404,21.0877,100.2247,
11,Western Africa,2005,44.145,4.5983,44.1774,267.8946,133.5529,134.3417,100.5906,
11,Western Africa,2010,44.1616,4.513,50.6328,307.0404,152.8878,154.1526,100.8273,
11,Western Africa,2017,43.7343,4.505,61.2064,371.1595,184.4778,186.6818,101.1947,6138.0
11,Western Africa,2019,43.356,4.5361,64.5508,391.4402,194.4532,196.987,101.303,
12,Algeria,2005,29.1927,7.0221,13.9183,33.1497,16.3837,16.766,102.3336,
12,Algeria,2010,27.2828,7.7953,15.1055,35.9775,17.8161,18.1614,101.938,
12,Algeria,2017,29.6396,9.305,17.3777,41.3892,20.4824,20.9068,102.0717,2381.741
12,Algeria,2019,30.5504,9.6817,18.0763,43.0531,21.3034,21.7497,102.0949,
13,Central America,2005,33.3573,7.7669,59.5165,145.9505,74.4363,71.5143,96.0745,
13,Central America,2010,30.9263,8.4401,64.2634,157.5913,80.3507,77.2406,96.1292,
13,Central America,2017,28.0415,9.9255,70.6801,173.3268,88.4014,84.9253,96.0678,2480.0
13,Central America,2019,27.2544,10.4186,72.4172,177.5865,90.5616,87.0249,96.0947,
14,Eastern Africa,2005,45.4851,4.2672,44.2723,295.1854,149.145,146.0404,97.9184,
14,Eastern Africa,2010,44.8877,4.2758,50.8914,339.3178,171.352,167.9658,98.0238,
14,Eastern Africa,2017,42.9062,4.4561,61.7019,411.3967,207.3876,204.0091,98.3709,7005.0
14,Eastern Africa,2019,42.1853,4.5424,65.0777,433.9049,218.6212,215.2838,98.4734,
15,Northern Africa,2005,33.5378,7.0095,23.9942,186.4213,92.7187,93.7026,101.0612,
15,Northern Africa,2010,32.1468,7.4428,26.1203,202.9403,101.0734,101.8668,100.785,
15,Northern Africa,2017,32.6786,8.3118,29.9627,232.7932,115.842,116.9512,100.9575,7880.0
15,Northern Africa,2019,32.6918,8.6463,31.1195,241.7808,120.3021,121.4786,100.978,
16,American Samoa,2000,38.7705,5.4197,287.605,0.0575,,,104.4136,
16,American Samoa,2005,,,295.59,0.0591,,,,
16,American Samoa,2010,34.988,6.749,278.185,0.0556,,,102.9574,
16,American Samoa,2016,33.3418,8.9579,277.995,0.0556,,,103.6101,
16,American Samoa,2017,,,278.205,0.0556,,,,0.199
16,American Samoa,2019,,,276.56,0.0553,,,,
17,Middle Africa,2005,45.6896,4.5506,17.2405,112.0083,56.3157,55.6926,98.8936,
17,Middle Africa,2010,45.7786,4.4199,20.2595,131.6221,66.0922,65.5299,99.1492,
17,Middle Africa,2017,45.6221,4.3282,25.2491,164.039,82.2196,81.8194,99.5134,6613.0
17,Middle Africa,2019,45.2699,4.3444,26.8298,174.3084,87.3371,86.9713,99.5811,
18,Southern Africa,2005,31.7968,6.8584,20.6154,54.6447,27.7739,26.8708,96.7482,
18,Southern Africa,2010,30.5031,7.0237,22.0259,58.3834,29.6459,28.7375,96.9357,
18,Southern Africa,2017,29.8998,7.9286,24.4594,64.8338,32.9088,31.925,97.0104,2675.0
18,Southern Africa,2019,29.6957,8.1707,25.137,66.6299,33.8369,32.793,96.915,
19,Americas,2005,26.4751,11.8721,20.9061,884.7882,448.2641,436.524,97.381,
19,Americas,2010,24.7941,13.1134,22.084,934.6398,473.6061,461.0337,97.3454,
19,Americas,2017,22.6031,15.4862,23.5853,998.1754,505.9885,492.1869,97.2723,42322.0
19,Americas,2019,22.0644,16.2317,23.9762,1014.7219,514.4665,500.2554,97.2377,
20,Andorra,2005,15.0632,16.0537,167.8021,0.0789,,,109.0459,
20,Andorra,2010,13.9777,18.594,179.6787,0.0844,,,108.4696,
20,Andorra,2016,14.4338,19.0387,164.4277,0.0773,,,102.2981,
20,Andorra,2017,,,163.7553,0.077,,,,0.468
20,Andorra,2019,,,164.1319,0.0771,,,,
21,Northern America,2005,20.5662,16.7961,17.5473,327.2872,165.7081,161.579,97.5082,
21,Northern America,2010,19.8347,18.5256,18.4052,343.2874,173.67,169.6174,97.6665,
21,Northern America,2017,18.5548,21.6715,19.4054,361.9423,182.8203,179.1219,97.977,21776.0
21,Northern America,2019,18.2729,22.6138,19.6551,366.601,185.1486,181.4523,98.0036,
24,Angola,2005,46.884,3.9544,15.588,19.4336,9.7941,9.6395,98.4209,
24,Angola,2010,47.0416,3.7607,18.7345,23.3562,11.807,11.5493,97.8175,
24,Angola,2017,46.953,3.5797,23.9166,29.8168,15.0675,14.7493,97.8886,1246.7
24,Angola,2019,46.622,3.6243,25.5276,31.8253,16.0805,15.7448,97.9121,
28,Antigua and Barbuda,2005,26.5071,9.8165,185.1477,0.0815,0.0428,0.0386,90.1896,
28,Antigua and Barbuda,2010,24.34,10.7375,200.0636,0.088,0.0459,0.0421,91.7364,
28,Antigua and Barbuda,2017,22.2319,12.7712,216.8773,0.0954,0.0494,0.046,93.0156,0.442
28,Antigua and Barbuda,2019,21.9547,13.6164,220.7227,0.0971,0.0503,0.0469,93.2099,
29,Caribbean,2005,28.1717,11.1025,175.8595,39.7458,20.0702,19.6756,98.0341,
29,Caribbean,2010,26.5179,12.0421,182.3704,41.2174,20.8266,20.3907,97.9068,
29,Caribbean,2017,24.632,13.8752,190.2687,43.0024,21.7542,21.2482,97.6741,234.0
29,Caribbean,2019,24.161,14.4866,191.7401,43.335,21.9336,21.4014,97.5732,
30,Eastern Asia,2005,19.8047,12.1721,135.3054,1564.1923,765.487,798.7053,104.3395,
30,Eastern Asia,2010,18.1594,13.816,138.8232,1604.8594,785.2136,819.6458,104.3851,
30,Eastern Asia,2017,17.3619,17.4739,143.5729,1659.768,812.9834,846.7846,104.1577,11799.0
30,Eastern Asia,2019,17.2143,18.364,144.6838,1672.6111,819.6941,852.917,104.0531,
31,Azerbaijan,2005,26.2295,8.521,103.3004,8.5386,4.3318,4.2068,97.1145,
31,Azerbaijan,2010,22.8353,8.1149,109.2751,9.0325,4.5574,4.4751,98.1945,
31,Azerbaijan,2017,23.2877,10.0693,119.1091,9.8453,4.9379,4.9074,99.3816,86.6
31,Azerbaijan,2019,23.4419,11.0734,121.5577,10.0477,5.0319,5.0158,99.681,
32,Argentina,2005,27.28,13.5952,14.2117,38.8929,19.9956,18.8974,94.5078,
32,Argentina,2010,26.036,14.2133,14.9435,40.8958,20.997,19.8988,94.7695,
32,Argentina,2017,24.9268,15.1301,16.0548,43.9371,22.5173,21.4198,95.1258,2780.4
32,Argentina,2019,24.5955,15.3941,16.3631,44.7807,22.9393,21.8414,95.2141,
34,Southern Asia,2005,33.6174,7.0309,248.2176,1588.6239,766.011,822.6129,107.3892,
34,Southern Asia,2010,31.6587,7.5228,267.5815,1712.5555,827.1109,885.4445,107.0527,
34,Southern Asia,2017,28.6249,8.8488,292.6881,1873.2411,906.612,966.6291,106.6199,6688.0
34,Southern Asia,2019,27.863,9.263,299.7146,1918.2114,928.7194,989.492,106.5437,
35,South-eastern Asia,2005,29.9131,7.6058,129.2778,561.1561,281.4988,279.6573,99.3458,
35,South-eastern Asia,2010,27.9343,8.1471,137.5233,596.9472,298.6027,298.3446,99.9136,
35,South-eastern Asia,2017,26.0088,10.0192,149.3906,648.4597,324.4954,323.9644,99.8364,4495.0
35,South-eastern Asia,2019,25.4248,10.7554,152.5127,662.0118,331.3389,330.673,99.799,
36,Australia,2005,19.8148,17.4165,2.6266,20.1785,10.1085,10.0701,99.6201,
36,Australia,2010,19.0323,18.8436,2.8839,22.1547,11.0753,11.0794,100.0366,
36,Australia,2017,19.065,20.8116,3.2002,24.5846,12.341,12.2436,99.2113,7692.06
36,Australia,2019,19.2754,21.4395,3.2807,25.2032,12.6519,12.5513,99.205,
39,Southern Europe,2005,15.1063,22.5221,115.5871,149.6761,76.4351,73.2411,95.8213,
39,Southern Europe,2010,14.9365,23.9878,118.166,153.0155,78.2618,74.7538,95.5176,
39,Southern Europe,2017,14.2768,26.5628,117.9967,152.7964,78.236,74.5604,95.3019,1317.0
39,Southern Europe,2019,14.0383,27.3995,117.7269,152.4469,77.9953,74.4516,95.4565,
40,Austria,2005,15.9718,22.0952,100.1547,8.2537,4.2416,4.0121,94.5884,
40,Austria,2010,14.7167,23.2676,102.0513,8.4099,4.3113,4.0986,95.0674,
40,Austria,2017,14.2309,24.7457,107.0259,8.8199,4.4897,4.3302,96.447,83.871
40,Austria,2019,14.3619,25.3214,108.6666,8.9551,4.5457,4.4094,97.0005,
44,Bahamas,2005,28.1091,8.6268,32.4534,0.3249,0.1671,0.1578,94.4324,
44,Bahamas,2010,26.8838,9.0071,35.4587,0.3549,0.1829,0.172,94.0294,
44,Bahamas,2017,22.8741,10.8991,38.1374,0.3818,0.1964,0.1854,94.4079,13.94
44,Bahamas,2019,22.0757,11.7305,38.9093,0.3895,0.2003,0.1892,94.494,
48,Bahrain,2005,25.6844,3.4373,1169.9526,0.8892,0.355,0.5341,150.4548,
48,Bahrain,2010,20.3116,3.5461,1632.7105,1.2409,0.4668,0.7741,165.8161,
48,Bahrain,2017,19.8415,4.6051,1965.8895,1.4941,0.5542,0.9399,169.5785,0.771
48,Bahrain,2019,18.7187,5.1096,2159.4368,1.6412,0.5864,1.0548,179.8868,
50,Bangladesh,2005,34.3646,6.6508,1068.1071,139.0355,67.8139,71.2216,105.0251,
50,Bangladesh,2010,31.9869,7.0118,1133.7131,147.5754,72.5597,75.0157,103.3847,
50,Bangladesh,2017,28.2246,7.4013,1226.7452,159.6854,78.8164,80.8691,102.6044,147.57
50,Bangladesh,2019,27.2144,7.7418,1252.5633,163.0462,80.5724,82.4738,102.3599,
51,Armenia,2005,21.4615,14.3771,104.7162,2.9813,1.5794,1.4019,88.7601,
51,Armenia,2010,19.4607,14.7881,101.0649,2.8773,1.531,1.3464,87.9414,
51,Armenia,2017,20.4544,16.7716,103.4349,2.9448,1.5594,1.3854,88.8379,29.743
51,Armenia,2019,20.766,17.9115,103.8894,2.9577,1.5665,1.3913,88.8162,
52,Barbados,2005,20.5633,16.1485,642.6116,0.2763,0.1437,0.1326,92.3243,
52,Barbados,2010,19.743,18.0859,656.1186,0.2821,0.1467,0.1354,92.2594,
52,Barbados,2017,17.6402,21.3624,665.6558,0.2862,0.148,0.1382,93.3901,0.431
52,Barbados,2019,17.0504,22.5412,667.5,0.287,0.1482,0.1388,93.6609,
53,Australia and New Zealand,2005,20.109,17.2517,3.06,24.3139,12.2181,12.0958,98.9993,
53,Australia and New Zealand,2010,19.2737,18.7645,3.3383,26.5247,13.2996,13.2251,99.44,
53,Australia and New Zealand,2017,19.1696,20.8188,3.6859,29.2867,14.7311,14.5555,98.8082,8012.0
53,Australia and New Zealand,2019,19.3219,21.4864,3.7739,29.9863,15.0838,14.9025,98.7979,
54,Melanesia,2005,38.128,5.3383,15.5444,8.2321,4.0439,4.1883,103.5703,
54,Melanesia,2010,37.2262,5.6879,17.3491,9.1879,4.5133,4.6746,103.574,
54,Melanesia,2017,35.5809,6.1307,19.8535,10.5142,5.1557,5.3585,103.9327,541.0
54,Melanesia,2019,35.0168,6.3535,20.6169,10.9185,5.3527,5.5658,103.9811,
56,Belgium,2005,17.1501,22.1143,348.312,10.5469,5.3727,5.1742,96.3069,
56,Belgium,2010,16.8827,23.2156,361.2529,10.9387,5.5668,5.372,96.5004,
56,Belgium,2017,17.0365,24.6264,377.1383,11.4197,5.7887,5.631,97.2751,30.528
56,Belgium,2019,17.0582,25.2634,381.0875,11.5393,5.8278,5.7115,98.0032,
57,Micronesia,2005,33.3533,6.3745,157.188,0.4983,0.2467,0.2516,102.0239,
57,Micronesia,2010,32.1332,7.4386,158.8577,0.5036,0.2485,0.255,102.6145,
57,Micronesia,2017,29.9528,9.7204,168.1069,0.5329,0.2635,0.2694,102.2603,3.0
57,Micronesia,2019,29.5986,10.463,171.4467,0.5435,0.2689,0.2746,102.1367,
60,Bermuda,2005,18.3606,16.432,1302.6,0.0651,,,91.7851,
60,Bermuda,2010,17.4398,18.7216,1279.12,0.064,,,92.3658,
60,Bermuda,2017,14.7605,24.923,1226.98,0.0613,,,91.4191,0.053
60,Bermuda,2019,,,1250.12,0.0625,,,,
61,Polynesia,2005,34.0529,7.5697,79.8366,0.6459,0.3157,0.3302,104.6146,
61,Polynesia,2010,32.013,8.3592,81.1912,0.6568,0.322,0.3348,103.9637,
61,Polynesia,2017,30.222,10.1968,83.1592,0.6728,0.3314,0.3413,102.9803,8.0
61,Polynesia,2019,29.6337,10.8028,84.0261,0.6798,0.335,0.3448,102.9131,
62,South-central Asia,2005,33.5227,7.041,159.4933,1647.0738,795.6435,851.4303,107.0115,
62,South-central Asia,2010,31.554,7.5035,171.9158,1775.3605,858.8983,916.4623,106.7021,
62,South-central Asia,2017,28.6704,8.8214,188.2564,1944.1086,942.4103,1001.6982,106.2911,10791.0
62,South-central Asia,2019,27.9546,9.2395,192.8381,1991.4235,965.6841,1025.7394,106.2189,
64,Bhutan,2005,35.0808,6.7788,17.0197,0.6487,0.3086,0.3402,110.2339,
64,Bhutan,2010,31.1726,7.5321,17.9842,0.6855,0.3254,0.3601,110.6521,
64,Bhutan,2017,26.2194,8.4354,19.5599,0.7456,0.3511,0.3945,112.3724,38.394
64,Bhutan,2019,25.3402,8.7877,20.0197,0.7631,0.3581,0.405,113.1178,
68,Bolivia (Plurin. State of),2005,36.3266,8.1392,8.5224,9.2323,4.5848,4.6475,101.3686,
68,Bolivia (Plurin. State of),2010,34.4895,8.7869,9.2759,10.0486,4.9925,5.0561,101.2744,
68,Bolivia (Plurin. State of),2017,31.5346,9.841,10.3322,11.1929,5.5704,5.6225,100.9357,1098.581
68,Bolivia (Plurin. State of),2019,30.6253,10.1862,10.6278,11.5131,5.7335,5.7796,100.8044,
70,Bosnia and Herzegovina,2005,17.7019,17.4279,73.83,3.7653,1.9158,1.8495,96.5392,
70,Bosnia and Herzegovina,2010,15.7371,19.2814,72.6563,3.7055,1.8859,1.8195,96.479,
70,Bosnia and Herzegovina,2017,14.7957,23.01,65.7162,3.3515,1.7093,1.6423,96.0808,51.209
70,Bosnia and Herzegovina,2019,14.6938,24.4739,64.7255,3.301,1.6842,1.6168,95.9981,
72,Botswana,2005,36.522,5.1005,3.1745,1.7991,0.9242,0.8749,94.6617,
72,Botswana,2010,34.9684,5.302,3.5063,1.9871,1.0152,0.9719,95.7273,
72,Botswana,2017,34.4388,6.5272,3.8909,2.2051,1.1426,1.0625,92.9864,582.0
72,Botswana,2019,33.765,6.8703,4.0649,2.3037,1.1896,1.1141,93.6557,
76,Brazil,2005,27.3617,8.8058,22.269,186.1271,94.125,92.0021,97.7446,
76,Brazil,2010,24.8234,10.1533,23.4159,195.7136,99.1774,96.5363,97.337,
76,Brazil,2017,21.6838,12.7425,24.866,207.8338,105.6017,102.2321,96.8091,8515.767
76,Brazil,2019,21.0092,13.5897,25.2508,211.0495,107.3164,103.7332,96.6611,
84,Belize,2005,38.9024,4.8467,12.4419,0.2838,0.1411,0.1427,101.0812,
84,Belize,2010,35.6127,5.956,14.137,0.3225,0.1611,0.1613,100.1185,
84,Belize,2017,30.9036,6.9745,16.4739,0.3758,0.1885,0.1873,99.3723,22.966
84,Belize,2019,29.7044,7.3987,17.1132,0.3904,0.1961,0.1943,99.0876,
90,Solomon Islands,2005,41.3149,4.8687,16.7888,0.4699,0.2299,0.2401,104.4411,
90,Solomon Islands,2010,40.7516,5.1199,18.8589,0.5279,0.2597,0.2682,103.2776,
90,Solomon Islands,2017,40.3538,5.3901,22.7238,0.636,0.3127,0.3234,103.4294,28.896
90,Solomon Islands,2019,40.1312,5.54,23.9308,0.6698,0.3292,0.3406,103.4452,
92,British Virgin Islands,2001,26.2508,7.3909,140.5667,0.0211,,,106.0579,
92,British Virgin Islands,2005,,,154.4533,0.0232,,,,
92,British Virgin Islands,2010,22.3426,9.6992,181.4933,0.0272,,,97.0915,
92,British Virgin Islands,2017,,,207.9733,0.0312,,,,0.151
92,British Virgin Islands,2019,,,200.2,0.03,,,,
96,Brunei Darussalam,2005,27.831,4.793,69.2816,0.3651,0.1787,0.1864,104.3351,
96,Brunei Darussalam,2010,25.9591,5.3643,73.7469,0.3886,0.1879,0.2007,106.8137,
96,Brunei Darussalam,2017,23.496,7.9291,80.5452,0.4245,0.2038,0.2207,108.3312,5.765
96,Brunei Darussalam,2019,22.6165,8.9655,82.2173,0.4333,0.2083,0.225,108.0014,
100,Bulgaria,2005,13.6164,23.0912,70.8084,7.687,3.9463,3.7407,94.7886,
100,Bulgaria,2010,13.4963,25.2613,68.3954,7.425,3.8094,3.6156,94.9139,
100,Bulgaria,2017,14.4447,27.599,65.4241,7.1024,3.6505,3.4519,94.5606,111.002
100,Bulgaria,2019,14.6854,28.0121,64.4816,7.0001,3.6001,3.4001,94.4443,
104,Myanmar,2005,31.1787,6.8967,74.9283,48.9499,25.278,23.672,93.6466,
104,Myanmar,2010,30.0461,7.3306,77.4554,50.6008,26.2023,24.3985,93.1158,
104,Myanmar,2017,26.8467,9.1238,81.7134,53.3825,27.6549,25.7276,93.0308,676.577
104,Myanmar,2019,25.9144,9.7043,82.7281,54.0454,28.0008,26.0447,93.0142,
108,Burundi,2005,46.9779,3.4441,286.7937,7.3649,3.7356,3.6293,97.1559,
108,Burundi,2010,45.1403,3.3323,337.835,8.6756,4.3878,4.2879,97.7231,
108,Burundi,2017,45.5555,3.8347,421.6129,10.827,5.4615,5.3655,98.2419,27.83
108,Burundi,2019,45.4006,4.0033,449.0101,11.5306,5.8116,5.719,98.4066,
112,Belarus,2005,15.5981,18.54,47.1248,9.5621,5.0981,4.464,87.5618,
112,Belarus,2010,14.8957,19.0625,46.4274,9.4206,5.0408,4.3797,86.8849,
112,Belarus,2017,16.7079,21.3287,46.5735,9.4502,5.0519,4.3984,87.0642,207.6
112,Belarus,2019,17.0363,22.185,46.5843,9.4524,5.0525,4.3999,87.0839,
116,Cambodia,2005,37.0661,5.3168,75.1946,13.2734,6.8314,6.442,94.3006,
116,Cambodia,2010,33.3266,5.8793,81.0798,14.3122,7.3402,6.9721,94.9851,
116,Cambodia,2017,31.2724,7.0525,90.6946,16.0094,8.198,7.8114,95.2837,181.035
116,Cambodia,2019,31.0992,7.3537,93.3976,16.4865,8.4392,8.0474,95.3572,
120,Cameroon,2005,44.1789,4.6558,37.5144,17.7334,8.8962,8.8372,99.3362,
120,Cameroon,2010,43.6907,4.432,43.0311,20.3412,10.1874,10.1538,99.6697,
120,Cameroon,2017,42.8673,4.3007,51.9686,24.5661,12.2866,12.2795,99.9424,475.65
120,Cameroon,2019,42.3621,4.2955,54.7405,25.8764,12.9365,12.9399,100.0268,
124,Canada,2005,17.6759,17.8723,3.5371,32.1643,16.2189,15.9454,98.3142,
124,Canada,2010,16.4886,19.8951,3.7552,34.1476,17.2058,16.9418,98.4659,
124,Canada,2017,15.87,23.2775,4.0394,36.7321,18.5139,18.2182,98.4026,9984.67
124,Canada,2019,15.8459,24.3344,4.114,37.411,18.8475,18.5635,98.4934,
132,Cabo Verde,2005,37.6387,7.1624,114.8963,0.463,0.2377,0.2253,94.76,
132,Cabo Verde,2010,32.3138,6.5316,122.2467,0.4927,0.2466,0.2461,99.7924,
132,Cabo Verde,2017,29.1832,7.0361,133.3742,0.5375,0.2679,0.2696,100.6544,4.033
132,Cabo Verde,2019,28.4064,7.3374,136.4603,0.5499,0.2739,0.276,100.7798,
136,Cayman Islands,2005,,,202.5917,0.0486,,,100.9537,
136,Cayman Islands,2010,18.1154,8.5599,231.2792,0.0555,,,97.8431,
136,Cayman Islands,2015,18.2808,6.6873,249.8458,0.06,,,100.3814,0.264
136,Cayman Islands,2017,,,256.4958,0.0616,,,,0.264
136,Cayman Islands,2019,,,270.6167,0.0649,,,,
140,Central African Republic,2005,43.4998,4.973,6.4824,4.0384,2.0425,1.9959,97.7173,
140,Central African Republic,2010,44.0561,4.5572,7.0416,4.3868,2.2151,2.1716,98.037,
140,Central African Republic,2017,44.6462,4.4704,7.3775,4.596,2.3181,2.2779,98.2628,622.984
140,Central African Republic,2019,43.92,4.4808,7.6169,4.7452,2.3932,2.352,98.2771,
142,Asia,2005,27.6194,9.1452,128.1851,3977.9865,1942.7627,2035.2237,104.7593,
142,Asia,2010,25.9088,9.9875,135.6484,4209.5937,2054.2814,2155.3123,104.9181,
142,Asia,2017,24.1466,12.1374,145.6199,4519.04,2207.2452,2311.7948,104.7367,31915.0
142,Asia,2019,23.7099,12.7377,148.2729,4601.3712,2247.905,2353.4662,104.696,
143,Central Asia,2005,30.9488,7.3172,14.8849,58.4499,29.6325,28.8174,97.2493,
143,Central Asia,2010,28.7015,6.9787,15.994,62.8051,31.7873,31.0178,97.579,
143,Central Asia,2017,29.8728,8.0962,18.0472,70.8675,35.7983,35.0691,97.963,4103.0
143,Central Asia,2019,30.356,8.6227,18.6443,73.2121,36.9647,36.2474,98.0595,
144,Sri Lanka,2005,25.5847,10.3786,311.6726,19.545,9.9065,9.6385,97.2944,
144,Sri Lanka,2010,25.3783,11.9231,323.1022,20.2617,10.3954,9.8663,94.9101,
144,Sri Lanka,2017,24.4071,14.9572,336.9165,21.128,10.9698,10.1582,92.6015,65.61
144,Sri Lanka,2019,23.9565,15.9322,340.0372,21.3237,11.0903,10.2334,92.2734,
145,Western Asia,2005,33.5223,7.1738,42.7808,205.5643,100.1335,105.4308,105.2903,
145,Western Asia,2010,31.0947,7.2531,48.3712,232.4265,111.5668,120.8597,108.3294,
145,Western Asia,2017,28.8666,8.2482,55.5048,266.7037,127.3562,139.3476,109.4157,4831.0
145,Western Asia,2019,28.3448,8.6266,57.299,275.3248,131.188,144.1368,109.8704,
148,Chad,2005,49.1455,4.1732,8.0183,10.0966,5.0651,5.0315,99.3359,
148,Chad,2010,48.7669,3.9427,9.4918,11.9521,5.9902,5.9619,99.5268,
148,Chad,2017,47.4006,3.9439,11.9256,15.0168,7.5218,7.495,99.6443,1284.0
148,Chad,2019,46.8209,3.9384,12.6643,15.9469,7.9864,7.9605,99.6765,
150,Europe,2005,15.9187,20.6052,32.9474,729.2878,378.0644,351.2235,92.9004,
150,Europe,2010,15.4855,21.9921,33.2693,736.413,381.7976,354.6154,92.8805,
150,Europe,2017,15.937,24.5223,33.676,745.4147,385.8386,359.5762,93.1934,23049.0
150,Europe,2019,16.0517,25.2673,33.7559,747.1828,386.4712,360.7116,93.3347,
151,Eastern Europe,2005,15.3595,18.203,16.4795,297.5005,157.2868,140.2137,89.1453,
151,Eastern Europe,2010,14.8651,19.3038,16.3339,294.8729,156.2592,138.6137,88.7076,
151,Eastern Europe,2017,16.4654,22.4125,16.2887,294.0561,155.7566,138.2995,88.7921,18814.0
151,Eastern Europe,2019,16.8588,23.2775,16.2548,293.4449,155.4209,138.024,88.8066,
152,Chile,2005,24.6648,11.8575,21.7647,16.1827,8.2198,7.9629,96.8739,
152,Chile,2010,22.0818,13.2874,22.948,17.0625,8.6655,8.397,96.9012,
152,Chile,2017,20.0242,16.1159,24.8415,18.4704,9.3732,9.0973,97.0562,756.102
152,Chile,2019,19.4943,16.9431,25.4892,18.952,9.6103,9.3418,97.2062,
154,Northern Europe,2005,17.9584,21.1155,56.5709,96.3074,49.18,47.1273,95.8261,
154,Northern Europe,2010,17.4098,22.5949,58.9739,100.3983,51.115,49.2833,96.4164,
154,Northern Europe,2017,17.5362,23.9957,61.487,104.6765,53.0578,51.6187,97.2877,1810.0
154,Northern Europe,2019,17.5691,24.4795,62.1284,105.7685,53.5515,52.217,97.5081,
155,Western Europe,2005,16.4114,22.6429,171.2803,185.8038,95.1625,90.6413,95.2489,
155,Western Europe,2010,15.8776,24.261,173.4213,188.1263,96.1617,91.9647,95.6355,
155,Western Europe,2017,15.5806,26.3985,178.7306,193.8858,98.7882,95.0976,96.2641,1108.0
155,Western Europe,2019,15.5895,27.0174,180.2393,195.5224,99.5035,96.0189,96.4981,
156,China,2005,20.3534,10.7718,141.7497,1330.7764,647.2905,683.4859,105.5918,
156,China,2010,18.66,12.2005,145.801,1368.8106,665.3966,703.414,105.7135,
156,China,2017,17.9374,15.9633,151.3624,1421.0218,691.5594,729.4624,105.4808,9600.0
156,China,2019,17.8045,16.8409,152.7217,1433.7837,698.1594,735.6243,105.3662,
158,Other non-specified areas,2005,18.9991,13.1353,641.2232,22.7057,11.2116,11.4941,102.5197,
158,Other non-specified areas,2010,15.8508,15.1757,654.8306,23.1876,11.5333,11.6542,101.0484,
158,Other non-specified areas,2019,12.781,22.0731,671.3888,23.7739,11.9498,11.8241,98.9486,
170,Colombia,2005,30.3211,8.4457,38.4387,42.6477,21.7466,20.9011,96.1118,
170,Colombia,2010,27.2685,9.6972,40.7595,45.2227,23.063,22.1597,96.083,
170,Colombia,2017,23.5569,12.0886,44.0828,48.9098,24.9198,23.9901,96.2693,1141.748
170,Colombia,2019,22.6208,12.7695,45.3713,50.3394,25.6263,24.7132,96.437,
174,Comoros,2005,42.27,4.6226,328.655,0.6116,0.3036,0.308,101.4489,
174,Comoros,2010,41.0441,4.4979,370.6029,0.6897,0.3421,0.3476,101.6248,
174,Comoros,2017,39.7725,4.8678,437.3412,0.8139,0.4034,0.4105,101.7736,2.235
174,Comoros,2019,39.2859,5.0362,457.2198,0.8509,0.4217,0.4292,101.7855,
175,Mayotte,2005,42.4412,4.7783,474.928,0.1781,0.0903,0.0878,97.1758,
175,Mayotte,2010,42.9422,5.0805,556.5813,0.2087,0.1067,0.102,95.6413,
175,Mayotte,2019,39.6355,5.9775,709.7333,0.2662,0.1353,0.1309,96.7307,
178,Congo,2005,41.8495,4.1497,10.6084,3.6228,1.8272,1.7956,98.2725,
178,Congo,2010,41.6347,4.0299,12.5146,4.2737,2.1473,2.1264,99.0259,
178,Congo,2017,41.9442,4.2914,14.9654,5.1107,2.5594,2.5513,99.6847,342.0
178,Congo,2019,41.5372,4.4386,15.7555,5.3805,2.6931,2.6874,99.7851,
180,Dem. Rep. of the Congo,2005,45.7829,4.7276,24.1662,54.7859,27.5641,27.2218,98.7583,
180,Dem. Rep. of the Congo,2010,46.1406,4.7197,28.4792,64.5639,32.4222,32.1416,99.1345,
180,Dem. Rep. of the Congo,2017,46.2835,4.6537,35.9051,81.3988,40.7879,40.6109,99.566,2344.858
180,Dem. Rep. of the Congo,2019,46.0014,4.6655,38.2835,86.7906,43.4715,43.3191,99.6495,
184,Cook Islands,2001,30.0383,10.6396,76.3417,0.0183,,,106.6369,
184,Cook Islands,2005,,,82.125,0.0197,,,,
184,Cook Islands,2006,26.0514,11.8504,82.0667,0.0197,,,103.0611,
184,Cook Islands,2010,,,77.2708,0.0185,,,,
184,Cook Islands,2016,26.8702,14.1955,72.4125,0.0174,,,97.4026,
184,Cook Islands,2017,,,72.4167,0.0174,,,,0.236
184,Cook Islands,2019,,,73.1167,0.0175,,,,
188,Costa Rica,2005,27.4361,9.2357,83.9307,4.2855,2.1369,2.1486,100.546,
188,Costa Rica,2010,24.3076,10.7989,89.647,4.5774,2.2846,2.2928,100.358,
188,Costa Rica,2017,21.5774,13.4657,96.9439,4.95,2.4747,2.4752,100.0208,51.1
188,Costa Rica,2019,21.0786,14.4913,98.8555,5.0476,2.525,2.5225,99.9017,
191,Croatia,2005,15.7309,21.9218,78.2355,4.3781,2.2698,2.1083,92.8875,
191,Croatia,2010,15.4426,23.7939,77.3439,4.3282,2.2436,2.0846,92.9152,
191,Croatia,2017,14.438,27.1453,74.7473,4.1829,2.1702,2.0127,92.7411,56.594
191,Croatia,2019,14.5622,27.8954,73.8081,4.1303,2.1403,1.99,92.979,
192,Cuba,2005,19.2011,15.3594,105.8022,11.2616,5.6484,5.6132,99.3776,
192,Cuba,2010,17.7411,17.3467,105.4663,11.2258,5.6422,5.5836,98.9615,
192,Cuba,2017,16.4063,19.9892,106.5319,11.3393,5.7063,5.633,98.7147,109.884
192,Cuba,2019,16.0423,20.6811,106.4777,11.3335,5.7056,5.6279,98.6394,
196,Cyprus,2005,19.9974,14.9353,111.2188,1.0277,0.5072,0.5205,102.6206,
196,Cyprus,2010,17.8366,16.0867,120.4126,1.1126,0.557,0.5556,99.7392,
196,Cyprus,2017,16.8366,18.4824,127.6708,1.1797,0.5891,0.5906,100.2405,9.251
196,Cyprus,2019,16.7071,19.3335,129.7159,1.1986,0.5993,0.5993,100.0033,
202,Sub-Saharan Africa,2005,43.9995,4.6263,33.3531,729.733,366.7875,362.9455,98.9525,
202,Sub-Saharan Africa,2010,43.7572,4.5774,38.2267,836.3638,419.978,416.3858,99.1447,
202,Sub-Saharan Africa,2017,42.8168,4.6759,46.2282,1011.4291,506.9937,504.4354,99.4954,22431.0
202,Sub-Saharan Africa,2019,42.3389,4.7344,48.7354,1066.2834,534.2484,532.035,99.5857,
203,Czechia,2005,14.7317,19.8313,132.809,10.2582,5.2616,4.9966,94.9626,
203,Czechia,2010,14.2415,22.3995,136.4127,10.5365,5.365,5.1715,96.3936,
203,Czechia,2017,15.3854,25.5217,137.7658,10.641,5.409,5.232,96.7276,78.8678
203,Czechia,2019,15.723,25.9381,138.3896,10.6892,5.4286,5.2606,96.9061,
204,Benin,2005,44.4385,4.9669,70.7895,7.9822,4.0268,3.9554,98.2264,
204,Benin,2010,43.846,4.9187,81.5826,9.1993,4.6304,4.5688,98.67,
204,Benin,2017,42.6686,4.9885,99.106,11.1752,5.6009,5.5743,99.5251,114.763
204,Benin,2019,42.2055,5.0438,104.6572,11.8012,5.9099,5.8913,99.6846,
208,Denmark,2005,18.728,21.2449,127.7799,5.4217,2.7364,2.6853,98.1345,
208,Denmark,2010,17.9497,23.3089,130.9178,5.5548,2.7986,2.7563,98.4891,
208,Denmark,2017,16.4917,25.2828,135.0996,5.7323,2.8815,2.8508,98.932,42.921
208,Denmark,2019,16.401,25.8219,136.0329,5.7719,2.9022,2.8697,98.879,
212,Dominica,2001,29.0284,13.2093,92.8933,0.0697,,,101.5079,
212,Dominica,2005,,,94.1693,0.0706,,,101.3583,
212,Dominica,2006,29.469,13.3198,94.4093,0.0708,,,103.709,
212,Dominica,2010,,,95.2533,0.0714,,,101.3608,
212,Dominica,2014,,,97.0373,0.0728,,,103.0439,0.75
212,Dominica,2017,,,98.5667,0.0739,,,,0.75
212,Dominica,2019,,,95.744,0.0718,,,,
214,Dominican Republic,2005,32.9562,7.7312,188.271,9.0973,4.5216,4.5757,101.1959,
214,Dominican Republic,2010,30.6104,8.5013,200.6441,9.6951,4.8292,4.8659,100.7606,
214,Dominican Republic,2017,28.2506,10.1888,217.5725,10.5131,5.2549,5.2582,100.0616,48.671
214,Dominican Republic,2019,27.7087,10.7919,222.2466,10.739,5.3728,5.3662,99.8779,
218,Ecuador,2005,33.1345,7.8324,55.6686,13.8258,6.8922,6.9337,100.6024,
218,Ecuador,2010,31.0373,8.558,60.441,15.0111,7.4908,7.5204,100.395,
218,Ecuador,2017,28.3616,10.2459,67.5848,16.7854,8.3863,8.399,100.1517,257.217
218,Ecuador,2019,27.707,10.7376,69.9535,17.3737,8.6832,8.6905,100.0843,
222,El Salvador,2005,34.7743,9.0833,292.0909,6.0521,3.1636,2.8886,91.3066,
222,El Salvador,2010,31.6407,9.9157,298.4496,6.1839,3.2574,2.9265,89.841,
222,El Salvador,2017,27.4456,11.4037,308.3072,6.3881,3.3903,2.9978,88.4228,21.0408
222,El Salvador,2019,26.8584,11.8282,311.4649,6.4536,3.4302,3.0234,88.1393,
226,Equatorial Guinea,2005,39.5755,5.0385,26.7214,0.7495,0.3517,0.3978,113.0973,
226,Equatorial Guinea,2010,38.5024,4.4294,33.6413,0.9436,0.4302,0.5134,119.3293,
226,Equatorial Guinea,2017,37.285,4.0158,44.9912,1.262,0.5619,0.7001,124.5989,28.0515
226,Equatorial Guinea,2019,36.9568,3.8681,48.3417,1.356,0.6022,0.7538,125.1867,
231,Ethiopia,2005,46.4907,4.8749,76.3463,76.3463,38.2722,38.0741,99.4823,
231,Ethiopia,2010,44.9318,5.1139,87.64,87.64,43.9125,43.7275,99.5787,
231,Ethiopia,2017,41.2508,5.2356,106.3999,106.3999,53.1852,53.2147,100.0555,1104.3
231,Ethiopia,2019,40.3364,5.2979,112.0787,112.0787,56.0097,56.069,100.1059,
232,Eritrea,2005,38.6157,6.0924,27.9867,2.8267,1.4163,1.4103,99.5767,
232,Eritrea,2010,39.4833,6.2237,31.3904,3.1704,1.5864,1.5841,99.8555,
232,Eritrea,2017,41.9532,6.484,33.791,3.4129,1.7027,1.7102,100.4412,117.6
232,Eritrea,2019,41.5849,6.4373,34.6249,3.4971,1.7444,1.7527,100.4761,
233,Estonia,2005,15.1567,21.8901,31.9804,1.3556,0.7257,0.63,86.8151,
233,Estonia,2010,15.1332,23.2469,31.4249,1.3321,0.7117,0.6204,87.1596,
233,Estonia,2017,16.2219,25.8842,31.125,1.3194,0.6992,0.6202,88.6952,45.227
233,Estonia,2019,16.4633,26.5131,31.2727,1.3256,0.699,0.6266,89.6431,
234,Faroe Islands,2005,,,34.5881,0.0483,,,108.0036,
234,Faroe Islands,2008,22.0266,19.2709,34.7314,0.0485,,,108.0602,
234,Faroe Islands,2010,,,34.7779,0.0486,,,108.0494,
234,Faroe Islands,2015,20.9629,22.5111,35.0752,0.049,,,107.2033,1.393
234,Faroe Islands,2017,,,35.308,0.0493,,,,1.393
234,Faroe Islands,2019,,,34.8696,0.0487,,,,
238,Falkland Islands (Malvinas),2001,15.036,12.0494,0.2403,0.0029,,,121.5209,
238,Falkland Islands (Malvinas),2005,,,0.2415,0.0029,,,,
238,Falkland Islands (Malvinas),2006,15.9391,14.0102,0.24,0.0029,,,113.2035,
238,Falkland Islands (Malvinas),2010,,,0.2343,0.0029,,,,
238,Falkland Islands (Malvinas),2012,16.3732,15.7042,0.2348,0.0029,,,110.5263,
238,Falkland Islands (Malvinas),2017,,,0.2391,0.0029,,,,12.173
238,Falkland Islands (Malvinas),2019,,,0.2775,0.0034,,,,
242,Fiji,2005,30.5343,6.8725,44.9701,0.8216,0.4026,0.419,104.076,
242,Fiji,2010,29.0004,7.8973,47.0617,0.8598,0.4209,0.4389,104.2935,
242,Fiji,2017,29.6513,8.6967,48.0273,0.8775,0.4323,0.4452,102.9701,18.272
242,Fiji,2019,29.2937,9.3197,48.7112,0.89,0.439,0.451,102.7251,
246,Finland,2005,17.3393,21.4603,17.3054,5.2589,2.6849,2.574,95.8688,
246,Finland,2010,16.5226,24.7645,17.657,5.3658,2.7325,2.6333,96.3724,
246,Finland,2017,16.2512,27.8454,18.1361,5.5114,2.7965,2.7149,97.084,338.44
246,Finland,2019,16.0163,28.6043,18.2045,5.5322,2.8049,2.7272,97.2285,
250,France,2005,18.4938,20.9377,111.6233,61.1201,31.53,29.5901,93.8476,
250,France,2010,18.4778,23.0714,114.8365,62.8795,32.421,30.4585,93.947,
250,France,2017,18.1098,25.7358,118.4215,64.8425,33.4383,31.4042,93.917,551.5
250,France,2019,17.8022,26.4596,118.946,65.1297,33.6052,31.5245,93.8083,
254,French Guiana,2005,35.7741,5.7644,2.4692,0.203,0.1024,0.1006,98.1849,
254,French Guiana,2010,34.9448,6.5575,2.8346,0.233,0.1165,0.1165,99.9228,
254,French Guiana,2017,32.7067,7.9381,3.3478,0.2752,0.1394,0.1358,97.4309,83.534
254,French Guiana,2019,32.1213,8.5544,3.5381,0.2908,0.1471,0.1438,97.7621,
258,French Polynesia,2005,28.1552,7.9724,70.7049,0.2588,0.1262,0.1326,105.1302,
258,French Polynesia,2010,25.4797,9.3051,72.8019,0.2665,0.13,0.1364,104.8835,
258,French Polynesia,2017,22.8872,12.2299,75.4377,0.2761,0.1361,0.14,102.8118,4.0
258,French Polynesia,2019,22.5639,13.0704,76.3079,0.2793,0.1378,0.1415,102.6845,
262,Djibouti,2005,37.8751,5.2118,33.7901,0.7833,0.3896,0.3936,101.0277,
262,Djibouti,2010,32.5639,6.0636,36.2467,0.8402,0.3931,0.4471,113.7343,
262,Djibouti,2017,29.982,6.79,40.729,0.9441,0.4467,0.4974,111.3485,23.2
262,Djibouti,2019,29.205,7.1616,42.0,0.9736,0.4616,0.5119,110.9047,
266,Gabon,2005,39.345,6.8441,5.3966,1.3905,0.6952,0.6954,100.0342,
266,Gabon,2010,37.4332,5.9968,6.3032,1.6241,0.8024,0.8217,102.4034,
266,Gabon,2017,36.8221,5.3608,8.0134,2.0648,1.013,1.0518,103.836,267.668
266,Gabon,2019,37.1795,5.3436,8.4316,2.1726,1.0664,1.1062,103.7328,
268,Georgia,2005,19.0256,18.4475,60.5867,4.2102,2.2034,2.0068,91.0766,
268,Georgia,2010,17.955,18.9285,58.9883,4.0991,2.1461,1.953,91.0033,
268,Georgia,2017,19.5291,20.6682,57.6877,4.0087,2.0952,1.9135,91.3288,69.7
268,Georgia,2019,20.0314,21.2072,57.5157,3.9968,2.091,1.9057,91.1394,
270,Gambia,2005,46.3209,4.2654,152.5436,1.5437,0.7768,0.7669,98.7242,
270,Gambia,2010,45.1453,4.2534,177.1933,1.7932,0.9033,0.8899,98.5211,
270,Gambia,2017,44.3758,3.9866,218.7637,2.2139,1.1158,1.0981,98.413,11.295
270,Gambia,2019,44.1271,3.939,231.9868,2.3477,1.1833,1.1644,98.3971,
275,State of Palestine,2005,45.5201,4.0219,594.3457,3.578,1.7608,1.8172,103.2004,
275,State of Palestine,2010,42.2937,4.3586,673.6929,4.0556,1.9979,2.0577,102.9905,
275,State of Palestine,2017,39.2627,4.678,788.5759,4.7472,2.3389,2.4083,102.9652,6.02
275,State of Palestine,2019,38.6497,4.8313,827.4784,4.9814,2.4551,2.5264,102.9033,
276,Germany,2005,14.4166,24.8652,234.1139,81.6027,41.7293,39.8735,95.5528,
276,Germany,2010,13.5684,26.0742,231.8883,80.827,41.2082,39.6188,96.1431,
276,Germany,2017,13.4507,27.9017,237.1426,82.6584,41.9207,40.7377,97.1781,357.376
276,Germany,2019,13.7995,28.3472,239.6059,83.517,42.2679,41.2491,97.5896,
288,Ghana,2005,40.8672,4.4473,95.8717,21.8146,10.7955,11.0192,102.0726,
288,Ghana,2010,39.2865,4.6175,108.9023,24.7796,12.2462,12.5334,102.3449,
288,Ghana,2017,37.82,4.9287,127.9839,29.1215,14.3667,14.7548,102.7016,238.537
288,Ghana,2019,37.3649,5.1552,133.6814,30.4179,15.0018,15.4161,102.7618,
292,Gibraltar,2001,18.4106,20.5019,3137.4,0.0314,,,98.5055,
292,Gibraltar,2005,,,3208.5,0.0321,,,97.2744,
292,Gibraltar,2010,,,3318.9,0.0332,,,99.1582,
292,Gibraltar,2012,18.1183,22.3613,3362.3,0.0336,,,99.5537,
292,Gibraltar,2015,,,3422.8,0.0342,,,101.8215,0.006
292,Gibraltar,2017,,,3457.1,0.0346,,,,0.006
292,Gibraltar,2019,,,3370.1,0.0337,,,,
296,Kiribati,2005,36.9207,5.4037,113.9815,0.0923,0.0468,0.0455,97.1112,
296,Kiribati,2010,36.1013,5.4903,127.0704,0.1029,0.0523,0.0507,96.8822,
296,Kiribati,2017,35.146,6.1012,140.9358,0.1142,0.0581,0.0561,96.5918,0.7263
296,Kiribati,2019,35.8383,6.5014,145.1926,0.1176,0.0598,0.0578,96.7149,
300,Greece,2005,14.7285,22.597,87.0814,11.2248,5.6684,5.5564,98.0247,
300,Greece,2010,15.055,24.8238,84.4658,10.8876,5.5391,5.3486,96.5602,
300,Greece,2017,14.2048,27.3759,81.9973,10.5695,5.3812,5.1883,96.4151,131.957
300,Greece,2019,13.8966,28.298,81.2526,10.4735,5.3329,5.1405,96.392,
304,Greenland,2005,24.953,9.618,0.1388,0.057,,,113.3633,
304,Greenland,2010,22.5678,10.8828,0.138,0.0566,,,112.5738,
304,Greenland,2016,20.991,13.1759,0.1374,0.0564,,,112.1427,
304,Greenland,2017,,,0.1376,0.0565,,,,2166.086
304,Greenland,2019,,,0.1381,0.0567,,,,
308,Grenada,2005,28.1174,11.5439,307.8265,0.1047,0.0522,0.0525,100.6288,
308,Grenada,2010,23.9681,13.2831,312.45,0.1062,0.0526,0.0537,102.1062,
308,Grenada,2017,23.3644,14.006,326.1,0.1109,0.055,0.0559,101.6514,0.345
308,Grenada,2019,23.7172,14.5898,329.4206,0.112,0.0556,0.0564,101.5294,
312,Guadeloupe,2005,23.3706,16.2029,247.484,0.4029,0.2128,0.1901,89.3403,
312,Guadeloupe,2010,22.4552,19.1425,249.4294,0.4061,0.2175,0.1886,86.6856,
312,Guadeloupe,2017,19.4479,24.0577,245.4988,0.3997,0.2148,0.1849,86.066,1.705
312,Guadeloupe,2019,18.8479,25.3527,245.7346,0.4001,0.2154,0.1847,85.7561,
316,Guam,2005,29.5066,9.2379,293.337,0.1584,0.0777,0.0807,103.979,
316,Guam,2010,27.5006,11.1431,295.2667,0.1594,0.0784,0.081,103.3246,
316,Guam,2017,24.8331,13.9024,304.2241,0.1643,0.0813,0.083,102.187,0.549
316,Guam,2019,24.1342,14.7405,309.8037,0.1673,0.0829,0.0844,101.9057,
320,Guatemala,2005,42.2567,5.8986,122.21,13.096,6.6735,6.4225,96.239,
320,Guatemala,2010,39.366,6.0721,136.5287,14.6304,7.4442,7.1862,96.5349,
320,Guatemala,2017,35.0509,6.8781,157.8478,16.915,8.5886,8.3263,96.9458,108.889
320,Guatemala,2019,33.8593,7.1104,164.0675,17.5815,8.9215,8.66,97.068,
324,Guinea,2005,46.8106,4.9286,37.073,9.1096,4.7662,4.3434,91.1302,
324,Guinea,2010,46.1749,4.6284,41.4788,10.1922,5.3337,4.8585,91.0899,
324,Guinea,2017,44.2484,4.702,49.1109,12.0675,6.266,5.8015,92.5869,245.857
324,Guinea,2019,43.45,4.7046,51.9748,12.7712,6.6052,6.1661,93.3522,
328,Guyana,2005,36.2895,6.3776,3.7905,0.7462,0.3723,0.3739,100.4266,
328,Guyana,2010,32.2166,7.2567,3.8071,0.7494,0.3775,0.372,98.5366,
328,Guyana,2017,28.5753,9.5851,3.9381,0.7752,0.3865,0.3887,100.5531,214.969
328,Guyana,2019,27.9299,10.4276,3.9765,0.7828,0.3895,0.3933,100.9671,
332,Haiti,2005,38.1692,6.4686,333.6462,9.1953,4.6642,4.5311,97.146,
332,Haiti,2010,36.2674,6.5311,361.0059,9.9493,5.0418,4.9075,97.3357,
332,Haiti,2017,33.6244,7.323,398.4893,10.9824,5.5621,5.4203,97.4506,27.75
332,Haiti,2019,32.8586,7.594,408.6748,11.2631,5.7055,5.5576,97.408,
336,Holy See,2000,,,1784.0909,0.0008,,,196.6543,
336,Holy See,2005,,,1813.6364,0.0008,,,,
336,Holy See,2009,,,1806.8182,0.0008,,,219.1781,
336,Holy See,2010,,,1804.5455,0.0008,,,,
336,Holy See,2017,,,1800.0,0.0008,,,,0.0004
336,Holy See,2019,,,1815.9091,0.0008,,,,
340,Honduras,2005,40.595,5.4124,66.6636,7.459,3.7441,3.7149,99.2223,
340,Honduras,2010,37.5811,5.7566,74.3361,8.3175,4.1688,4.1486,99.516,
340,Honduras,2017,32.3451,6.8193,84.2704,9.429,4.7199,4.7091,99.7705,112.492
340,Honduras,2019,31.1594,7.1751,87.1045,9.7461,4.8771,4.869,99.8334,
344,"China, Hong Kong SAR",2005,14.3481,15.5529,6447.2133,6.7696,3.5174,3.2521,92.4577,
344,"China, Hong Kong SAR",2010,11.9287,18.4052,6634.601,6.9663,3.6898,3.2765,88.7997,
344,"China, Hong Kong SAR",2017,11.4752,23.4615,6958.4019,7.3063,3.933,3.3733,85.7683,1.1057
344,"China, Hong Kong SAR",2019,12.3267,25.1708,7082.0514,7.4362,4.0177,3.4185,85.0863,
348,Hungary,2005,15.5168,21.3748,111.4099,10.0859,5.2998,4.7861,90.3078,
348,Hungary,2010,14.8599,22.1008,109.6583,9.9274,5.2169,4.7105,90.2924,
348,Hungary,2017,14.3723,25.9555,107.4762,9.7298,5.103,4.6268,90.6684,93.024
348,Hungary,2019,14.4332,26.5522,106.9776,9.6847,5.0764,4.6083,90.7774,
352,Iceland,2005,22.1799,15.8313,2.9424,0.295,0.1471,0.1479,100.5684,
352,Iceland,2010,20.7974,16.8546,3.1953,0.3203,0.159,0.1614,101.5237,
352,Iceland,2017,19.9897,20.0749,3.3356,0.3344,0.1666,0.1678,100.6763,103.0
352,Iceland,2019,19.6472,21.0904,3.3819,0.339,0.1688,0.1702,100.843,
356,India,2005,32.7393,7.232,385.9861,1147.6099,550.5577,597.0522,108.445,
356,India,2010,30.8103,7.7748,415.137,1234.2812,592.117,642.1642,108.4522,
356,India,2017,27.4787,9.3995,450.2493,1338.6768,642.7963,695.8805,108.2583,3287.263
356,India,2019,26.6183,9.8703,459.5797,1366.4178,656.2882,710.1296,108.2039,
360,Indonesia,2005,29.8813,7.3863,124.9135,226.2895,112.6971,113.5924,100.7944,
360,Indonesia,2010,28.8281,7.5273,133.4943,241.8342,120.0137,121.8205,101.5055,
360,Indonesia,2017,26.9149,9.047,146.0893,264.651,131.3782,133.2728,101.4421,1910.931
360,Indonesia,2019,26.2151,9.7169,149.3873,270.6256,134.3558,136.2698,101.4245,
364,Iran (Islamic Republic of),2005,26.894,6.6969,42.8371,69.7623,34.2727,35.4896,103.5506,
364,Iran (Islamic Republic of),2010,24.0443,7.536,45.2934,73.7625,36.5823,37.1802,101.6343,
364,Iran (Islamic Republic of),2017,24.2478,9.4,49.5372,80.6739,39.8549,40.819,102.419,1628.75
364,Iran (Islamic Republic of),2019,24.6547,9.9872,50.9127,82.9139,41.024,41.8899,102.1107,
368,Iraq,2005,42.02,5.0758,61.9872,26.9223,13.3227,13.5995,102.0776,
368,Iraq,2010,41.8064,4.8374,68.4794,29.742,14.7196,15.0224,102.0575,
368,Iraq,2017,38.7745,5.0868,86.4634,37.5528,18.5589,18.9939,102.3443,435.052
368,Iraq,2019,38.0209,5.0917,90.5088,39.3098,19.418,19.8918,102.4402,
372,Ireland,2005,20.1993,14.7199,60.1136,4.1412,2.0739,2.0673,99.6823,
372,Ireland,2010,20.7858,15.894,66.11,4.5543,2.2914,2.2629,98.7586,
372,Ireland,2017,21.6033,18.5875,68.9981,4.7533,2.3988,2.3544,98.1496,69.797
372,Ireland,2019,21.1504,19.2596,70.8738,4.8825,2.4601,2.4224,98.4691,
376,Israel,2005,27.8503,13.2466,301.7319,6.5295,3.3088,3.2206,97.3344,
376,Israel,2010,27.2635,14.8883,339.4846,7.3464,3.7182,3.6282,97.5808,
376,Israel,2017,27.9446,16.1195,380.9542,8.2438,4.1495,4.0943,98.6706,22.072
376,Israel,2019,27.8856,16.3395,393.6866,8.5194,4.282,4.2373,98.9557,
380,Italy,2005,14.1669,25.137,198.1411,58.2812,29.9855,28.2957,94.3648,
380,Italy,2010,14.0788,26.7013,201.6905,59.3252,30.6207,28.7045,93.7423,
380,Italy,2017,13.4751,28.6317,206.2749,60.6737,31.1919,29.4818,94.5175,302.073
380,Italy,2019,13.1667,29.3835,205.8546,60.5501,31.0891,29.461,94.7634,
384,Côte d’Ivoire,2005,44.1294,4.6587,57.7186,18.3545,8.9754,9.3791,104.4986,
384,Côte d’Ivoire,2010,43.6211,4.5381,64.569,20.533,10.1064,10.4265,103.1671,
384,Côte d’Ivoire,2017,42.1667,4.6394,76.8474,24.4375,12.0936,12.3439,102.0693,322.463
384,Côte d’Ivoire,2019,41.7147,4.6718,80.8696,25.7165,12.7423,12.9742,101.8196,
388,Jamaica,2005,30.1276,10.6899,253.0012,2.74,1.3825,1.3575,98.1977,
388,Jamaica,2010,27.0139,11.4053,259.5069,2.8105,1.413,1.3975,98.9073,
388,Jamaica,2017,24.0142,12.4007,269.6997,2.9208,1.47,1.4508,98.6962,10.9905
388,Jamaica,2019,23.5312,12.9719,272.2326,2.9483,1.4846,1.4637,98.5964,
392,Japan,2005,13.8299,26.3041,352.0076,128.3261,65.4405,62.8856,96.0958,
392,Japan,2007,13.5868,27.8932,352.4682,128.4941,65.5772,62.9169,95.9433,377.93
392,Japan,2010,13.3548,30.2905,352.6007,128.5424,65.6678,62.8745,95.7463,
392,Japan,2019,12.573,34.0143,347.9867,126.8603,64.91,61.9503,95.4403,
398,Kazakhstan,2005,24.4839,10.0988,5.7054,15.4028,7.9835,7.4193,92.9319,
398,Kazakhstan,2010,24.055,9.8573,6.02,16.2523,8.3968,7.8555,93.5542,
398,Kazakhstan,2017,27.9149,11.2877,6.697,18.08,9.3179,8.7621,94.0358,2724.902
398,Kazakhstan,2019,28.8812,11.8639,6.8717,18.5514,9.5517,8.9998,94.2217,
400,Jordan,2005,38.2432,5.2198,64.9429,5.7656,2.791,2.9746,106.5765,
400,Jordan,2010,37.4776,5.3751,81.7925,7.2615,3.558,3.7035,104.0887,
400,Jordan,2017,34.8862,5.667,110.2258,9.7858,4.8331,4.9528,102.4768,89.318
400,Jordan,2019,33.5622,5.9161,113.7834,10.1017,4.9885,5.1132,102.5004,
404,Kenya,2005,44.027,3.1501,64.3513,36.6249,18.4529,18.172,98.478,
404,Kenya,2010,43.4413,3.2031,73.8495,42.0307,21.1618,20.8688,98.6154,
404,Kenya,2017,40.35,3.8101,88.2404,50.2211,25.271,24.9501,98.7303,591.958
404,Kenya,2019,39.1934,4.0397,92.3744,52.574,26.4516,26.1224,98.7555,
408,Dem. People's Rep. Korea,2005,24.7227,11.8692,198.5231,23.9042,12.2338,11.6703,95.3941,
408,Dem. People's Rep. Korea,2010,22.6383,12.9497,203.8771,24.5488,12.5542,11.9946,95.5425,
408,Dem. People's Rep. Korea,2017,20.4528,13.5105,211.1936,25.4298,12.9935,12.4363,95.7111,120.538
408,Dem. People's Rep. Korea,2019,19.9933,14.6316,213.1564,25.6662,13.1134,12.5528,95.7247,
410,Republic of Korea,2005,18.8273,12.7919,500.8853,48.7011,24.2701,24.4309,100.6626,
410,Republic of Korea,2010,16.1016,15.3337,509.5715,49.5456,24.721,24.8246,100.4191,
410,Republic of Korea,2017,13.2255,20.0821,525.5211,51.0964,25.5003,25.5961,100.3756,100.2839
410,Republic of Korea,2019,12.7464,22.1182,526.8467,51.2253,25.5759,25.6495,100.2877,
414,Kuwait,2005,25.975,3.6141,127.3961,2.2702,0.9297,1.3405,144.1804,
414,Kuwait,2010,23.217,3.4328,167.8947,2.9919,1.262,1.7299,137.0725,
414,Kuwait,2017,21.4225,4.9946,227.615,4.0561,1.6274,2.4287,149.2402,17.818
414,Kuwait,2019,21.5698,5.9971,236.0877,4.2071,1.644,2.5631,155.9015,
417,Kyrgyzstan,2005,30.9562,7.0647,26.4617,5.0753,2.5596,2.5157,98.2858,
417,Kyrgyzstan,2010,29.8969,6.4446,28.2706,5.4223,2.7426,2.6797,97.7051,
417,Kyrgyzstan,2017,32.1807,7.3726,32.2718,6.1897,3.127,3.0627,97.9429,199.949
417,Kyrgyzstan,2019,32.5017,7.8433,33.4507,6.4159,3.2419,3.1739,97.901,
418,Lao People's Dem. Rep.,2005,40.311,5.4608,24.9206,5.7517,2.9057,2.8459,97.9421,
418,Lao People's Dem. Rep.,2010,36.432,5.5883,27.0761,6.2492,3.1497,3.0994,98.4029,
418,Lao People's Dem. Rep.,2017,32.8829,6.3571,30.1258,6.953,3.4615,3.4915,100.8676,236.8
418,Lao People's Dem. Rep.,2019,32.303,6.6353,31.0635,7.1695,3.5704,3.599,100.801,
419,Latin America & the Caribbean,2005,29.944,8.9814,27.6821,557.501,282.556,274.945,97.3064,
419,Latin America & the Caribbean,2010,27.6731,9.9715,29.363,591.3524,299.936,291.4163,97.1595,
419,Latin America & the Caribbean,2017,24.9061,11.9674,31.5915,636.2331,323.1682,313.065,96.8737,20546.0
419,Latin America & the Caribbean,2019,24.2089,12.6218,32.1818,648.121,329.3178,318.8031,96.8071,
422,Lebanon,2005,30.3474,8.1414,459.3121,4.6988,2.3082,2.3906,103.5678,
422,Lebanon,2010,25.8164,9.1977,484.1702,4.9531,2.4374,2.5157,103.2118,
422,Lebanon,2017,26.588,10.1309,666.6054,6.8194,3.3901,3.4293,101.1578,10.452
422,Lebanon,2019,25.5722,10.8001,670.1577,6.8557,3.4065,3.4492,101.2559,
426,Lesotho,2005,37.1595,6.4656,65.7482,1.9961,1.0319,0.9642,93.4387,
426,Lesotho,2010,34.8872,7.0127,65.7306,1.9956,1.0257,0.9699,94.5623,
426,Lesotho,2017,32.9814,7.3551,68.8911,2.0915,1.0614,1.0302,97.0596,30.355
426,Lesotho,2019,32.4669,7.4737,70.0022,2.1253,1.0773,1.0479,97.273,
428,Latvia,2005,14.6798,22.4931,36.2057,2.252,1.2195,1.0325,84.666,
428,Latvia,2010,14.0892,23.5816,34.0653,2.1189,1.1486,0.9703,84.4744,
428,Latvia,2017,15.5763,26.4714,31.3681,1.9511,1.0549,0.8962,84.9528,64.573
428,Latvia,2019,16.3078,27.1487,30.655,1.9067,1.0288,0.8779,85.3378,
430,Liberia,2005,42.867,5.3009,33.4107,3.2181,1.6091,1.609,99.9922,
430,Liberia,2010,43.0343,4.9806,40.4003,3.8914,1.943,1.9484,100.2796,
430,Liberia,2017,41.4787,5.0845,48.8188,4.7022,2.3412,2.361,100.8466,111.369
430,Liberia,2019,40.7529,5.1859,51.2601,4.9374,2.4563,2.4811,101.012,
434,Libya,2005,30.1659,5.908,3.2955,5.7986,2.8089,2.9897,106.4346,
434,Libya,2010,28.753,5.9416,3.5223,6.1977,3.0334,3.1642,104.3129,
434,Libya,2017,28.5394,6.5022,3.74,6.5807,3.2551,3.3256,102.1651,1676.198
434,Libya,2019,28.0683,6.7482,3.8518,6.7775,3.3548,3.4226,102.0205,
438,Liechtenstein,2005,17.5333,16.8394,217.825,0.0349,,,96.9718,
438,Liechtenstein,2010,15.9755,20.1084,225.0188,0.036,,,97.9357,
438,Liechtenstein,2016,14.9115,22.7394,235.4125,0.0377,,,98.4073,
438,Liechtenstein,2017,,,237.0125,0.0379,,,,0.16
438,Liechtenstein,2019,,,237.6188,0.038,,,,
440,Lithuania,2005,16.773,21.1448,53.3597,3.3443,1.7907,1.5536,86.7585,
440,Lithuania,2010,14.7654,22.3867,49.8423,3.1238,1.6859,1.438,85.2944,
440,Lithuania,2017,14.7275,25.7359,45.4002,2.8454,1.5322,1.3132,85.7032,65.286
440,Lithuania,2019,15.1355,26.8613,44.0314,2.7596,1.4832,1.2765,86.065,
442,Luxembourg,2005,18.6226,19.0046,176.773,0.4578,0.2319,0.2259,97.4223,
442,Luxembourg,2010,17.644,18.9543,196.0961,0.5079,0.2556,0.2523,98.7104,
442,Luxembourg,2017,16.0651,19.3638,228.5367,0.5919,0.2937,0.2982,101.5253,2.586
442,Luxembourg,2019,15.7072,19.72,237.7332,0.6157,0.3046,0.3111,102.1305,
446,"China, Macao SAR",2005,17.0164,9.6277,16149.097,0.4829,0.2535,0.2294,90.5078,
446,"China, Macao SAR",2010,12.9674,10.934,18000.6355,0.5382,0.2799,0.2583,92.2938,
446,"China, Macao SAR",2017,13.2804,16.1189,20822.2408,0.6226,0.3237,0.2988,92.3033,0.03
446,"China, Macao SAR",2019,14.0195,17.9191,21419.5652,0.6404,0.3327,0.3077,92.4764,
450,Madagascar,2005,44.7119,4.3946,31.5175,18.3367,9.2062,9.1305,99.1773,
450,Madagascar,2010,43.5222,4.341,36.3558,21.1516,10.6153,10.5363,99.2553,
450,Madagascar,2017,40.9723,4.7921,43.9511,25.5705,12.8187,12.7519,99.4788,587.295
450,Madagascar,2019,40.3668,4.9353,46.3553,26.9693,13.5164,13.4529,99.5306,
454,Malawi,2005,46.3809,4.4883,133.9197,12.626,6.4114,6.2146,96.9309,
454,Malawi,2010,46.3514,4.1983,154.2174,14.5396,7.3854,7.1542,96.8691,
454,Malawi,2017,44.2969,4.0517,187.4225,17.6702,8.9606,8.7096,97.198,118.484
454,Malawi,2019,43.4687,4.0768,197.5896,18.6287,9.4435,9.1853,97.2659,
458,Malaysia,2005,30.4526,7.1,78.1939,25.6906,12.5226,13.1681,105.1546,
458,Malaysia,2010,27.9611,7.8732,85.8561,28.208,13.6579,14.5501,106.5327,
458,Malaysia,2017,24.3438,9.9357,94.6725,31.1046,15.1043,16.0003,105.9319,330.323
458,Malaysia,2019,23.695,10.6166,97.2448,31.9498,15.5266,16.4232,105.7742,
462,Maldives,2005,31.4682,6.513,1065.36,0.3196,0.1527,0.1669,109.3622,
462,Maldives,2010,25.2916,6.1501,1219.1133,0.3657,0.167,0.1987,118.962,
462,Maldives,2017,20.395,5.814,1654.6733,0.4964,0.1894,0.307,162.0552,0.3
462,Maldives,2019,19.9097,5.7894,1769.8433,0.531,0.1949,0.3361,172.4435,
466,Mali,2005,46.8694,4.5972,10.4701,12.7755,6.4174,6.3581,99.0763,
466,Mali,2010,47.4888,4.1833,12.3336,15.0494,7.5323,7.517,99.7968,
466,Mali,2017,47.7228,3.9569,15.1718,18.5124,9.249,9.2634,100.1554,1240.192
466,Mali,2019,47.3047,3.8897,16.1106,19.658,9.8135,9.8445,100.3164,
470,Malta,2005,17.4335,18.8846,1264.5406,0.4047,0.204,0.2007,98.3924,
470,Malta,2010,14.9913,23.0014,1294.5406,0.4143,0.2086,0.2056,98.5425,
470,Malta,2017,14.2298,26.5118,1368.5406,0.4379,0.2185,0.2195,100.4554,0.3154
470,Malta,2019,14.3288,27.6348,1376.1625,0.4404,0.2196,0.2208,100.5415,
474,Martinique,2005,21.0861,17.9788,374.7075,0.3972,0.2121,0.1851,87.3101,
474,Martinique,2010,19.5154,20.6216,372.3236,0.3947,0.2124,0.1822,85.7838,
474,Martinique,2017,16.4509,26.8896,354.6679,0.3759,0.2023,0.1737,85.869,1.128
474,Martinique,2019,15.9857,28.3783,354.2962,0.3756,0.2026,0.173,85.3824,
478,Mauritania,2005,42.2289,4.9,2.9341,3.0242,1.5161,1.5081,99.4693,
478,Mauritania,2010,41.2467,4.8397,3.3901,3.4942,1.7473,1.7469,99.9819,
478,Mauritania,2017,40.2626,4.9348,4.155,4.2826,2.1347,2.1479,100.6211,1030.7
478,Mauritania,2019,39.8889,5.0351,4.3909,4.5257,2.2539,2.2718,100.7981,
480,Mauritius,2005,24.7268,9.6413,601.9719,1.222,0.6164,0.6056,98.2527,
480,Mauritius,2010,21.9449,12.0541,614.7562,1.248,0.6294,0.6186,98.2845,
480,Mauritius,2017,18.3574,16.5859,622.9059,1.2645,0.639,0.6255,97.881,1.969
480,Mauritius,2019,17.2597,17.7765,625.4522,1.2697,0.6427,0.627,97.5528,
484,Mexico,2005,31.8372,8.0949,54.5308,106.0052,54.1684,51.8368,95.6958,
484,Mexico,2010,29.5077,8.8414,58.6913,114.093,58.2672,55.8258,95.81,
484,Mexico,2017,26.9392,10.4244,64.1875,124.7773,63.7528,61.0245,95.7205,1964.375
484,Mexico,2019,26.1851,10.9519,65.627,127.5755,65.1721,62.4034,95.7516,
492,Monaco,2000,13.2324,28.9382,21531.5436,0.0321,,,94.3433,
492,Monaco,2005,,,22679.8658,0.0338,,,,
492,Monaco,2008,12.7455,31.1903,24062.4161,0.0359,,,94.7342,
492,Monaco,2010,,,24895.302,0.0371,,,,
492,Monaco,2017,,,25969.7987,0.0387,,,,0.002
492,Monaco,2019,,,26150.3356,0.039,,,,
496,Mongolia,2005,28.9294,5.6297,1.6262,2.5264,1.2695,1.2569,99.0084,
496,Mongolia,2010,27.0218,5.6499,1.7508,2.7199,1.3709,1.349,98.3966,
496,Mongolia,2017,29.9498,6.54,2.0043,3.1138,1.5767,1.5371,97.4842,1564.116
496,Mongolia,2019,30.7983,7.005,2.076,3.2252,1.6352,1.5899,97.2296,
498,Republic of Moldova,2005,18.5162,13.5644,126.6147,4.1593,2.1673,1.992,91.9111,
498,Republic of Moldova,2010,16.5163,14.0894,124.386,4.0861,2.1216,1.9645,92.5942,
498,Republic of Moldova,2017,15.8161,17.5229,123.5825,4.0597,2.111,1.9486,92.3076,33.846
498,Republic of Moldova,2019,15.8897,18.4187,123.0826,4.0433,2.1054,1.9378,92.0414,
499,Montenegro,2005,20.1784,17.0441,45.8283,0.6164,0.313,0.3034,96.9429,
499,Montenegro,2010,19.2436,17.8771,46.4145,0.6243,0.316,0.3083,97.5566,
499,Montenegro,2017,18.2503,21.0685,46.659,0.6276,0.3173,0.3103,97.7779,13.812
499,Montenegro,2019,18.1502,21.7422,46.6905,0.628,0.3175,0.3105,97.8027,
500,Montserrat,2001,19.3498,19.8619,45.05,0.0045,,,116.6425,
500,Montserrat,2004,,,46.44,0.0046,,,112.6761,
500,Montserrat,2005,,,47.78,0.0048,,,,
500,Montserrat,2006,19.6106,19.0145,48.46,0.0048,,,108.7173,
500,Montserrat,2010,,,49.44,0.0049,,,,
500,Montserrat,2011,19.7278,19.6262,49.94,0.005,,,107.1549,
500,Montserrat,2016,,,51.52,0.0052,,,106.0024,
500,Montserrat,2017,,,51.77,0.0052,,,,0.103
500,Montserrat,2019,,,49.89,0.005,,,,
504,Morocco,2005,30.7535,8.2354,68.2401,30.4556,15.4105,15.0451,97.6292,
504,Morocco,2010,28.5137,8.6269,72.4701,32.3434,16.3966,15.9468,97.2571,
504,Morocco,2017,27.4526,10.6308,79.725,35.5813,17.9387,17.6426,98.3495,446.55
504,Morocco,2019,26.9695,11.4371,81.7203,36.4718,18.3787,18.0931,98.4458,
508,Mozambique,2005,45.1968,4.9426,26.0611,20.4939,10.6459,9.848,92.505,
508,Mozambique,2010,45.7322,4.7112,29.9239,23.5316,12.1803,11.3513,93.1941,
508,Mozambique,2017,44.9595,4.4485,36.4315,28.649,14.7577,13.8913,94.1291,799.38
508,Mozambique,2019,44.368,4.4014,38.615,30.366,15.6202,14.7459,94.4025,
512,Oman,2005,32.4769,4.1093,8.1139,2.5113,1.0909,1.4204,130.1996,
512,Oman,2010,25.689,3.8985,9.8269,3.0414,1.2069,1.8345,152.0066,
512,Oman,2017,22.0405,3.9624,15.0757,4.6659,1.5926,3.0734,192.9816,309.5
512,Oman,2019,22.4184,4.1578,16.0743,4.975,1.6905,3.2844,194.2835,
516,Namibia,2005,39.4367,5.4744,2.3544,1.9383,1.0033,0.935,93.1917,
516,Namibia,2010,37.4144,5.8402,2.5737,2.1189,1.0949,1.024,93.5291,
516,Namibia,2017,36.8825,5.5593,2.9183,2.4026,1.239,1.1636,93.9169,824.116
516,Namibia,2019,36.9059,5.5853,3.03,2.4945,1.2857,1.2089,94.0264,
520,Nauru,2002,38.1321,2.5335,504.0,0.0101,,,104.1996,
520,Nauru,2005,,,505.7,0.0101,,,,
520,Nauru,2010,,,501.25,0.01,,,,
520,Nauru,2016,39.5195,4.0404,567.35,0.0113,,,101.8868,
520,Nauru,2017,,,567.95,0.0114,,,,0.021
520,Nauru,2019,,,537.8,0.0108,,,,
524,Nepal,2005,39.2676,6.6697,179.5919,25.7445,12.9566,12.7879,98.6985,
524,Nepal,2010,36.289,7.5285,188.4424,27.0132,13.7166,13.2966,96.9381,
524,Nepal,2017,31.3365,8.4515,192.7637,27.6327,15.0777,12.555,83.2683,147.181
524,Nepal,2019,29.5704,8.5714,199.5724,28.6087,15.5618,13.047,83.8398,
528,Netherlands,2005,18.3204,19.2688,485.3843,16.3672,8.2511,8.1161,98.3638,
528,Netherlands,2010,17.5222,21.968,494.7484,16.6829,8.3985,8.2844,98.6412,
528,Netherlands,2017,16.3531,25.0462,504.7849,17.0213,8.5525,8.4688,99.0218,41.542
528,Netherlands,2019,15.8835,26.0631,507.0323,17.0971,8.5823,8.5148,99.214,
531,Curaçao,2005,21.5546,17.0691,293.0856,0.1301,0.0691,0.061,88.2292,
531,Curaçao,2010,20.7096,18.6082,336.018,0.1492,0.0806,0.0686,85.0095,
531,Curaçao,2017,19.2794,22.6689,364.8581,0.162,0.0877,0.0743,84.7321,0.444
531,Curaçao,2019,18.4942,23.8741,368.0721,0.1634,0.0883,0.0751,84.9953,
533,Aruba,2005,21.4733,12.6141,555.7278,0.1,0.0525,0.0476,90.6966,
533,Aruba,2010,20.8736,15.4796,564.8278,0.1017,0.0532,0.0485,91.0996,
533,Aruba,2017,17.9802,19.7009,585.3667,0.1054,0.0553,0.05,90.4298,0.18
533,Aruba,2019,17.6204,21.0612,590.6333,0.1063,0.0559,0.0504,90.2912,
534,Sint Maarten (Dutch part),2005,,,956.7941,0.0325,,,93.8574,
534,Sint Maarten (Dutch part),2010,,,974.2353,0.0331,,,91.0051,
534,Sint Maarten (Dutch part),2013,20.9892,10.4212,1071.7353,0.0364,,,95.8327,0.034
534,Sint Maarten (Dutch part),2014,,,1108.7353,0.0377,,,95.7097,0.034
534,Sint Maarten (Dutch part),2017,,,1180.0,0.0401,,,,0.034
534,Sint Maarten (Dutch part),2019,,,1246.7059,0.0424,,,,
535,"Bonaire, St. Eustatius & Saba",2005,,,43.9116,0.0144,,,,
535,"Bonaire, St. Eustatius & Saba",2010,,,63.8415,0.0209,,,,
535,"Bonaire, St. Eustatius & Saba",2019,,,79.2043,0.026,,,,
540,New Caledonia,2005,27.9303,9.4514,12.9345,0.2364,0.1172,0.1192,101.7019,
540,New Caledonia,2010,25.8324,10.9902,13.8691,0.2535,0.1258,0.1277,101.5414,
540,New Caledonia,2017,23.046,13.0135,15.1614,0.2772,0.1375,0.1396,101.5101,18.575
540,New Caledonia,2019,22.434,13.7577,15.4677,0.2828,0.1405,0.1422,101.2061,
548,Vanuatu,2005,39.6757,5.139,17.1683,0.2093,0.1025,0.1068,104.1377,
548,Vanuatu,2010,38.2154,5.7068,19.3774,0.2362,0.1163,0.1199,103.1389,
548,Vanuatu,2017,38.8624,5.7161,23.4217,0.2855,0.1407,0.1448,102.9335,12.189
548,Vanuatu,2019,38.7106,5.7569,24.6007,0.2999,0.1478,0.152,102.8368,
554,New Zealand,2005,21.5448,16.4477,15.7053,4.1354,2.1096,2.0257,96.025,
554,New Zealand,2010,20.4975,18.3637,16.5966,4.3701,2.2243,2.1458,96.4693,
554,New Zealand,2017,19.7162,20.8563,17.8574,4.702,2.3901,2.3119,96.7268,268.107
554,New Zealand,2019,19.5666,21.7338,18.1651,4.7831,2.4319,2.3512,96.68,
558,Nicaragua,2005,36.223,6.0167,45.1944,5.4387,2.7546,2.6841,97.4437,
558,Nicaragua,2010,33.3185,6.2933,48.3968,5.8241,2.955,2.8691,97.0931,
558,Nicaragua,2017,30.5484,7.8709,53.0567,6.3848,3.2378,3.147,97.1943,130.373
558,Nicaragua,2019,29.8549,8.412,54.3917,6.5455,3.3195,3.226,97.1823,
562,Niger,2005,49.1925,4.1248,10.7559,13.6245,6.841,6.7835,99.1585,
562,Niger,2010,50.0361,4.1561,12.9976,16.464,8.237,8.227,99.8786,
562,Niger,2017,50.0929,4.1346,17.0541,21.6024,10.7574,10.8449,100.8134,1267.0
562,Niger,2019,49.8422,4.1133,18.4027,23.3107,11.5963,11.7145,101.0193,
566,Nigeria,2005,43.6714,4.6015,152.4699,138.865,68.7442,70.1208,102.0026,
566,Nigeria,2010,44.0352,4.5414,174.0321,158.5032,78.342,80.1612,102.3221,
566,Nigeria,2017,44.0131,4.4853,209.5735,190.8732,94.1858,96.6874,102.656,923.768
566,Nigeria,2019,43.6875,4.5025,220.6524,200.9636,99.1317,101.8319,102.7238,
570,Niue,2005,26.1168,15.063,6.4731,0.0017,,,94.7545,
570,Niue,2010,25.7353,16.8449,6.2692,0.0016,,,101.8919,
570,Niue,2016,22.7538,20.0822,6.2462,0.0016,,,100.0,
570,Niue,2017,,,6.2231,0.0016,,,,0.26
570,Niue,2019,,,6.2115,0.0016,,,,
578,Norway,2005,19.6122,19.8122,12.6821,4.6324,2.3341,2.2982,98.4634,
578,Norway,2010,18.8116,21.0006,13.3761,4.8859,2.4434,2.4424,99.9593,
578,Norway,2017,17.6701,22.367,14.4998,5.2963,2.6249,2.6714,101.7694,386.194
578,Norway,2019,17.413,22.9632,14.7258,5.3789,2.662,2.7168,102.0573,
580,Northern Mariana Islands,2005,22.9345,3.7403,138.5739,0.0637,,,83.2654,
580,Northern Mariana Islands,2010,26.6522,5.7718,118.313,0.0544,,,106.156,
580,Northern Mariana Islands,2016,23.5251,9.9945,119.6152,0.055,,,107.0632,
580,Northern Mariana Islands,2017,,,119.8783,0.0551,,,,0.457
580,Northern Mariana Islands,2019,,,124.3826,0.0572,,,,
583,Micronesia (Fed. States of),2005,38.8546,5.4255,151.6129,0.1061,0.0522,0.0539,103.3393,
583,Micronesia (Fed. States of),2010,35.6862,5.4474,147.0157,0.1029,0.0507,0.0522,103.0903,
583,Micronesia (Fed. States of),2017,31.9786,7.0214,159.2271,0.1115,0.0548,0.0567,103.422,0.702
583,Micronesia (Fed. States of),2019,31.4554,7.5772,162.5929,0.1138,0.0559,0.0579,103.4374,
584,Marshall Islands,2004,40.57,3.6105,289.3,0.0521,,,104.0466,
584,Marshall Islands,2005,,,289.1944,0.0521,,,,
584,Marshall Islands,2010,40.9483,4.4821,291.25,0.0524,,,105.2188,
584,Marshall Islands,2016,38.9725,5.4975,294.8111,0.0531,,,104.461,
584,Marshall Islands,2017,,,295.15,0.0531,,,,0.181
584,Marshall Islands,2019,,,326.6167,0.0588,,,,
585,Palau,2005,24.1021,8.2484,43.2739,0.0199,,,116.1924,
585,Palau,2010,,,44.5,0.0205,,,,
585,Palau,2016,20.2788,13.1483,46.7457,0.0215,,,113.253,
585,Palau,2017,,,47.237,0.0217,,,,0.459
585,Palau,2019,,,39.1478,0.018,,,,
586,Pakistan,2005,39.973,6.2578,207.9494,160.304,77.6278,82.6762,106.5034,
586,Pakistan,2010,37.695,6.3026,232.753,179.4246,86.9977,92.427,106.2408,
586,Pakistan,2017,35.4786,6.4761,269.6998,207.9062,100.9123,106.9939,106.0265,796.095
586,Pakistan,2019,35.0544,6.6394,280.9326,216.5653,105.1177,111.4476,106.0217,
591,Panama,2005,30.4297,8.7684,44.7971,3.3302,1.6542,1.676,101.3202,
591,Panama,2010,29.1307,9.6909,49.0004,3.6427,1.8125,1.8302,100.981,
591,Panama,2017,27.3395,11.35,55.2431,4.1068,2.0487,2.0581,100.4577,75.32
591,Panama,2019,26.7791,11.9273,57.1219,4.2464,2.12,2.1264,100.3032,
598,Papua New Guinea,2005,39.1794,5.0349,14.342,6.4949,3.1917,3.3032,103.4942,
598,Papua New Guinea,2010,38.3023,5.2846,16.143,7.3105,3.5907,3.7198,103.5964,
598,Papua New Guinea,2017,36.1384,5.7077,18.6328,8.438,4.1325,4.3055,104.1862,462.84
598,Papua New Guinea,2019,35.486,5.8967,19.3793,8.7761,4.2961,4.48,104.2807,
600,Paraguay,2005,35.4962,6.9574,14.6592,5.8241,2.867,2.9571,103.1447,
600,Paraguay,2010,32.9354,7.7503,15.7262,6.248,3.07,3.178,103.5193,
600,Paraguay,2017,29.7044,9.2726,17.2843,6.8671,3.3742,3.4929,103.5181,406.752
600,Paraguay,2019,29.1793,9.6866,17.7313,7.0446,3.4638,3.5809,103.3818,
604,Peru,2005,32.0454,7.9457,21.7704,27.8661,13.9733,13.8928,99.4236,
604,Peru,2010,30.0951,8.9003,22.6779,29.0277,14.5538,14.4739,99.4511,
604,Peru,2017,26.3625,11.3443,24.5659,31.4443,15.831,15.6133,98.6243,1285.216
604,Peru,2019,25.2545,12.0793,25.3988,32.5105,16.3622,16.1482,98.6922,
608,Philippines,2005,37.0585,5.4608,289.5202,86.3263,42.9396,43.3867,101.0411,
608,Philippines,2010,33.9914,6.5015,315.145,93.9668,46.5691,47.3977,101.7794,
608,Philippines,2017,31.468,7.8036,352.7281,105.1729,52.2936,52.8793,101.12,300.0
608,Philippines,2019,30.4759,8.341,362.6006,108.1166,53.8006,54.3161,100.9582,
616,Poland,2005,16.6108,17.0271,125.2945,38.3689,19.792,18.577,93.8614,
616,Poland,2010,15.2173,19.3524,125.1666,38.3298,19.7976,18.5322,93.6083,
616,Poland,2017,14.8793,24.1535,123.9368,37.9532,19.5548,18.3984,94.0866,312.679
616,Poland,2019,15.1854,25.4113,123.7232,37.8878,19.5272,18.3605,94.0253,
620,Portugal,2005,15.4363,22.4397,114.7341,10.5085,5.4285,5.08,93.5791,
620,Portugal,2010,14.9672,24.6722,115.6901,10.5961,5.5252,5.0709,91.7776,
620,Portugal,2017,13.6671,27.9109,112.3324,10.2885,5.4231,4.8654,89.7158,92.226
620,Portugal,2019,13.2521,28.8549,111.6518,10.2262,5.3895,4.8367,89.7425,
624,Guinea-Bissau,2005,44.0653,4.4165,47.8282,1.3449,0.696,0.649,93.2453,
624,Guinea-Bissau,2010,43.1457,4.3243,54.1465,1.5226,0.7846,0.738,94.0722,
624,Guinea-Bissau,2017,42.4861,4.5813,65.0123,1.8281,0.9363,0.8919,95.2561,36.125
624,Guinea-Bissau,2019,42.1537,4.5766,68.3116,1.9209,0.9821,0.9389,95.602,
626,Timor-Leste,2005,44.6618,5.921,66.9223,0.9951,0.4925,0.5026,102.0482,
626,Timor-Leste,2010,42.5343,6.3372,73.5389,1.0935,0.5408,0.5527,102.2129,
626,Timor-Leste,2017,38.3023,6.3523,83.6085,1.2433,0.6149,0.6284,102.2051,14.919
626,Timor-Leste,2019,37.2921,6.4838,86.9616,1.2931,0.6396,0.6535,102.1723,
630,Puerto Rico,2005,22.2695,16.8761,409.4576,3.6319,1.8905,1.7414,92.1088,
630,Puerto Rico,2010,20.6289,18.2972,403.5897,3.5798,1.8607,1.7191,92.3918,
630,Puerto Rico,2017,17.428,23.5306,356.6705,3.1637,1.656,1.5077,91.0474,8.868
630,Puerto Rico,2019,16.2608,26.2342,330.7112,2.9334,1.5414,1.392,90.3031,
634,Qatar,2005,21.7045,2.5186,74.5406,0.8654,0.2808,0.5846,208.234,
634,Qatar,2010,12.8872,1.6299,159.8904,1.8563,0.437,1.4193,324.7504,
634,Qatar,2017,13.5107,2.7089,234.688,2.7247,0.663,2.0617,310.9719,11.607
634,Qatar,2019,13.5959,3.2577,243.9334,2.8321,0.6986,2.1335,305.4214,
638,Réunion,2005,26.8588,10.2633,316.6392,0.7916,0.4031,0.3885,96.3566,
638,Réunion,2010,25.4171,12.1951,332.2076,0.8305,0.4284,0.4021,93.8738,
638,Réunion,2017,23.6064,16.4103,350.4536,0.8761,0.4519,0.4243,93.8913,2.513
638,Réunion,2019,22.7533,17.6108,355.5708,0.8889,0.4586,0.4303,93.8157,
642,Romania,2005,15.7384,19.6516,93.0499,21.4173,10.9787,10.4386,95.0802,
642,Romania,2010,15.7755,21.3425,88.9424,20.4719,10.5318,9.94,94.3806,
642,Romania,2017,15.4495,24.9005,85.3889,19.654,10.0874,9.5666,94.8378,238.3907
642,Romania,2019,15.574,25.6933,84.1315,19.3646,9.9463,9.4183,94.6916,
643,Russian Federation,2005,15.1738,17.1844,8.7729,143.6721,76.8209,66.8513,87.0223,
643,Russian Federation,2010,14.9273,17.9647,8.7611,143.4793,76.9378,66.5415,86.4874,
643,Russian Federation,2017,17.634,21.0083,8.8863,145.5301,78.101,67.429,86.3357,17098.246
643,Russian Federation,2019,18.1549,21.9565,8.9072,145.8723,78.2693,67.6029,86.3722,
646,Rwanda,2005,42.3586,4.1802,358.3387,8.8402,4.5145,4.3257,95.8176,
646,Rwanda,2010,41.5394,4.0508,406.9452,10.0393,5.1185,4.9209,96.1399,
646,Rwanda,2017,40.1361,4.7317,485.649,11.981,6.0949,5.8861,96.5736,26.338
646,Rwanda,2019,39.766,4.9602,511.8342,12.627,6.4209,6.2061,96.6552,
652,Saint Barthélemy,2005,,,388.7727,0.0086,,,,
652,Saint Barthélemy,2010,,,419.7273,0.0092,,,,
652,Saint Barthélemy,2019,,,447.5909,0.0098,,,,
654,Saint Helena,2005,,,10.9615,0.0043,,,,
654,Saint Helena,2010,,,10.7103,0.0042,,,,
654,Saint Helena,2017,,,10.3821,0.004,,,,0.308
654,Saint Helena,2019,,,15.5359,0.0061,,,,
659,Saint Kitts and Nevis,2000,27.9772,9.9128,174.5154,0.0454,,,101.949,
659,Saint Kitts and Nevis,2005,,,186.9654,0.0486,,,95.7168,
659,Saint Kitts and Nevis,2010,,,197.8654,0.0514,,,95.7249,
659,Saint Kitts and Nevis,2011,,,200.0231,0.052,,,97.0024,
659,Saint Kitts and Nevis,2017,,,212.8654,0.0553,,,,0.261
659,Saint Kitts and Nevis,2019,,,203.1654,0.0528,,,,
660,Anguilla,2001,27.6966,10.1548,126.3556,0.0114,,,97.2867,
660,Anguilla,2005,,,140.4222,0.0126,,,,
660,Anguilla,2010,,,152.9889,0.0138,,,,
660,Anguilla,2011,23.295,7.5509,155.0111,0.014,,,97.5503,
660,Anguilla,2017,,,165.6556,0.0149,,,,0.091
660,Anguilla,2019,,,165.2111,0.0149,,,,
662,Saint Lucia,2005,27.7615,9.6318,267.8967,0.1634,0.0833,0.0801,96.2364,
662,Saint Lucia,2010,23.2157,11.8637,285.3852,0.1741,0.0884,0.0857,96.9055,
662,Saint Lucia,2017,18.9087,13.5919,296.6459,0.181,0.0918,0.0891,97.0372,0.539
662,Saint Lucia,2019,18.2111,14.4116,299.6557,0.1828,0.0928,0.09,97.0326,
663,Saint Martin (French part),2005,,,646.1887,0.0342,,,,
663,Saint Martin (French part),2010,,,709.0943,0.0376,,,,
663,Saint Martin (French part),2019,,,717.0189,0.038,,,,
666,Saint Pierre and Miquelon,2005,,,27.2217,0.0063,,,,
666,Saint Pierre and Miquelon,2006,19.0531,17.7796,27.2174,0.0063,,,98.1559,
666,Saint Pierre and Miquelon,2010,,,27.2783,0.0063,,,,
666,Saint Pierre and Miquelon,2017,,,27.4783,0.0063,,,,0.242
666,Saint Pierre and Miquelon,2019,,,25.313,0.0058,,,,
670,Saint Vincent & Grenadines,2005,28.5543,9.3238,278.4974,0.1086,0.0537,0.0549,102.0969,
670,Saint Vincent & Grenadines,2010,25.8334,11.3085,277.5769,0.1083,0.0532,0.0551,103.657,
670,Saint Vincent & Grenadines,2017,22.9424,13.6961,281.6077,0.1098,0.054,0.0558,103.438,0.389
670,Saint Vincent & Grenadines,2019,22.1939,14.317,283.5615,0.1106,0.0545,0.0561,102.9378,
674,San Marino,2004,15.1798,21.5212,481.1,0.0289,,,96.1838,
674,San Marino,2005,,,487.3333,0.0292,,,96.1412,
674,San Marino,2010,20.9317,21.6103,518.5,0.0311,,,93.5074,
674,San Marino,2015,14.9653,24.0856,549.3333,0.033,,,94.8709,0.061
674,San Marino,2017,,,556.6667,0.0334,,,,0.061
674,San Marino,2019,,,564.3333,0.0339,,,,
678,Sao Tome and Principe,2005,43.9977,4.6986,164.0333,0.1575,0.0795,0.0779,97.9933,
678,Sao Tome and Principe,2010,43.4066,4.4048,187.8865,0.1804,0.0902,0.0902,99.9357,
678,Sao Tome and Principe,2017,42.855,4.6593,215.7177,0.2071,0.1035,0.1036,100.1295,0.964
678,Sao Tome and Principe,2019,42.1467,4.8838,224.0167,0.2151,0.1074,0.1076,100.162,
682,Saudi Arabia,2005,33.8739,4.4469,11.0789,23.8162,10.5553,13.2609,125.6334,
682,Saudi Arabia,2010,29.7035,4.4554,12.756,27.4215,11.994,15.4275,128.627,
682,Saudi Arabia,2017,25.2591,5.4265,15.3981,33.1012,14.1261,18.9751,134.327,2206.714
682,Saudi Arabia,2019,24.866,5.6917,15.9411,34.2685,14.485,19.7835,136.5795,
686,Senegal,2005,43.7444,4.9494,57.602,11.0901,5.6727,5.4175,95.5009,
686,Senegal,2010,43.507,4.764,65.8502,12.6781,6.5058,6.1723,94.8736,
686,Senegal,2017,43.2363,4.7755,80.0881,15.4194,7.9126,7.5068,94.8715,196.712
686,Senegal,2019,42.8399,4.7973,84.6432,16.2964,8.3499,7.9464,95.1677,
688,Serbia,2005,18.7143,18.8048,105.1203,9.1938,4.6927,4.5011,95.9154,
688,Serbia,2010,17.3351,21.0905,102.8042,8.9913,4.5848,4.4065,96.1106,
688,Serbia,2017,15.8259,24.8725,100.9562,8.8296,4.5026,4.327,96.0989,88.499
688,Serbia,2019,15.5409,25.1863,100.3,8.7722,4.4748,4.2974,96.0369,
690,Seychelles,2005,24.9662,9.1124,192.713,0.0886,0.0444,0.0443,99.8782,
690,Seychelles,2010,22.8118,9.9218,198.4,0.0913,0.0442,0.0471,106.5888,
690,Seychelles,2017,23.479,11.5819,209.6043,0.0964,0.0469,0.0495,105.6566,0.457
690,Seychelles,2019,23.7387,12.4914,212.4761,0.0977,0.0476,0.0502,105.4505,
694,Sierra Leone,2005,43.7412,5.0066,78.2159,5.6456,2.8406,2.805,98.748,
694,Sierra Leone,2010,43.0379,4.8143,88.8838,6.4156,3.223,3.1926,99.056,
694,Sierra Leone,2017,41.3566,4.6463,103.7465,7.4884,3.7545,3.7339,99.4519,72.3
694,Sierra Leone,2019,40.7243,4.6314,108.2463,7.8132,3.9149,3.8984,99.5783,
702,Singapore,2005,17.2276,10.7364,6093.8386,4.2657,2.1096,2.1561,102.2007,
702,Singapore,2010,13.9939,12.6714,7330.2457,5.1312,2.456,2.6751,108.9214,
702,Singapore,2017,12.2125,17.7681,8154.3443,5.708,2.7206,2.9875,109.8113,0.719
702,Singapore,2019,12.3315,19.863,8291.91,5.8043,2.7661,3.0382,109.8372,
703,Slovakia,2005,16.8224,16.1126,112.2726,5.399,2.7815,2.6175,94.1036,
703,Slovakia,2010,15.3351,17.8209,112.3834,5.4043,2.783,2.6213,94.1923,
703,Slovakia,2017,15.3377,21.8289,113.2902,5.4479,2.7981,2.6498,94.6981,49.035
703,Slovakia,2019,15.5277,22.8402,113.4797,5.457,2.8005,2.6565,94.8586,
704,Viet Nam,2005,27.1022,8.6014,270.3669,83.8327,42.3011,41.5315,98.1806,
704,Viet Nam,2010,23.6272,8.8259,283.7026,87.9677,44.2213,43.7464,98.926,
704,Viet Nam,2017,23.0976,10.9879,305.0945,94.6006,47.4076,47.193,99.5473,330.967
704,Viet Nam,2019,23.2138,11.8554,311.0978,96.4621,48.3108,48.1514,99.67,
705,Slovenia,2005,13.9687,20.8174,99.0554,1.995,1.0195,0.9755,95.685,
705,Slovenia,2010,13.9905,22.1767,101.4567,2.0433,1.0309,1.0125,98.2176,
705,Slovenia,2017,14.9022,26.2317,103.098,2.0764,1.0438,1.0326,98.9355,20.273
705,Slovenia,2019,15.1056,27.2352,103.2102,2.0787,1.044,1.0347,99.1105,
706,Somalia,2005,47.8879,4.2554,16.6526,10.4469,5.2204,5.2265,100.1166,
706,Somalia,2010,48.1745,4.3753,19.1983,12.0439,6.0278,6.016,99.8042,
706,Somalia,2017,46.753,4.5308,23.2556,14.5892,7.3133,7.2759,99.4879,637.657
706,Somalia,2019,46.3795,4.5498,24.6165,15.4429,7.7427,7.7002,99.4509,
710,South Africa,2005,30.8813,7.0339,39.4699,47.8806,24.2731,23.6075,97.2576,
710,South Africa,2010,29.6717,7.1703,42.2203,51.217,25.9475,25.2695,97.3872,
710,South Africa,2017,29.1503,8.1469,46.9955,57.0098,28.8883,28.1214,97.3454,1221.037
710,South Africa,2019,28.9683,8.4053,48.272,58.5583,29.699,28.8593,97.1728,
716,Zimbabwe,2005,41.3469,4.7155,31.218,12.0767,6.293,5.7837,91.9065,
716,Zimbabwe,2010,41.6098,4.4003,32.8234,12.6977,6.6487,6.049,90.9805,
716,Zimbabwe,2017,42.5979,4.4723,36.8013,14.2366,7.4595,6.7771,90.8508,390.757
716,Zimbabwe,2019,42.1581,4.5784,37.8583,14.6455,7.6621,6.9834,91.1413,
724,Spain,2005,14.2466,21.5876,88.25,44.0191,22.3033,21.7158,97.3662,
724,Spain,2010,14.7934,22.2385,94.0878,46.931,23.7349,23.1961,97.7302,
724,Spain,2017,14.7033,24.7956,93.5193,46.6474,23.7514,22.896,96.3985,505.944
724,Spain,2019,14.5769,25.7252,93.6984,46.7368,23.7761,22.9606,96.5701,
728,South Sudan,2005,44.2719,5.1209,12.3347,7.5359,3.7761,3.7599,99.5705,
728,South Sudan,2010,43.5183,5.1908,15.5632,9.5084,4.7559,4.7525,99.9291,
728,South Sudan,2017,42.0568,5.1207,17.8586,10.9108,5.4513,5.4595,100.1506,658.841
728,South Sudan,2019,41.5681,5.1475,18.1064,11.0621,5.5256,5.5365,100.1981,
729,Sudan,2005,43.4706,4.8484,17.5347,30.9495,15.4343,15.5152,100.5241,
729,Sudan,2010,42.9944,5.0892,19.5717,34.545,17.3127,17.2323,99.5353,
729,Sudan,2019,40.1557,5.599,24.2561,42.8132,21.4253,21.388,99.8258,
732,Western Sahara,2005,31.5095,3.5775,1.6448,0.4375,0.2068,0.2307,111.5198,
732,Western Sahara,2010,29.3505,3.8232,1.8055,0.4803,0.2274,0.2529,111.2099,
732,Western Sahara,2017,28.0562,5.398,2.0775,0.5526,0.263,0.2896,110.1445,266.0
732,Western Sahara,2019,27.4313,6.0364,2.1897,0.5825,0.2777,0.3048,109.7413,
740,Suriname,2005,31.318,8.5137,3.2017,0.4995,0.2475,0.2519,101.7698,
740,Suriname,2010,29.4031,9.0571,3.3919,0.5291,0.2626,0.2665,101.492,
740,Suriname,2017,27.4331,10.0325,3.657,0.5705,0.2836,0.2869,101.176,163.82
740,Suriname,2019,26.9119,10.4955,3.7267,0.5814,0.2891,0.2923,101.0885,
748,Eswatini,2005,41.3282,5.1337,59.9174,1.0306,0.5413,0.4892,90.3734,
748,Eswatini,2010,40.1881,5.5619,61.9091,1.0648,0.5627,0.5022,89.2529,
748,Eswatini,2017,38.3444,5.7431,65.3956,1.1248,0.5775,0.5473,94.7618,17.363
748,Eswatini,2019,37.8314,5.7235,66.7517,1.1481,0.5853,0.5628,96.147,
752,Sweden,2005,17.4046,23.4604,22.0272,9.0386,4.5565,4.4821,98.3661,
752,Sweden,2010,16.5079,24.8655,22.8839,9.3902,4.713,4.6772,99.24,
752,Sweden,2017,17.4952,25.4847,24.1383,9.9049,4.9492,4.9557,100.1327,438.574
752,Sweden,2019,17.6255,25.7745,24.4587,10.0364,5.0108,5.0256,100.2954,
756,Switzerland,2005,16.2893,21.2633,186.9323,7.3868,3.7708,3.616,95.8943,
756,Switzerland,2010,15.0583,22.8281,197.6079,7.8087,3.9637,3.845,97.0058,
756,Switzerland,2017,14.8725,24.0979,213.9843,8.4558,4.2659,4.1899,98.22,41.291
756,Switzerland,2019,14.9407,24.8448,217.4148,8.5914,4.3307,4.2607,98.3827,
760,Syrian Arab Republic,2005,39.3293,4.9245,99.9901,18.3612,8.9929,9.3683,104.1743,
760,Syrian Arab Republic,2010,37.3903,5.0099,116.3346,21.3625,10.5775,10.7851,101.9623,
760,Syrian Arab Republic,2017,31.8295,6.775,93.0985,17.0957,8.5033,8.5923,101.0466,185.18
760,Syrian Arab Republic,2019,31.058,7.2715,92.9594,17.0701,8.5156,8.5546,100.4576,
762,Tajikistan,2005,38.0254,5.0701,48.509,6.7893,3.3762,3.4131,101.0916,
762,Tajikistan,2010,35.6773,4.7783,53.7825,7.5274,3.7296,3.7978,101.8308,
762,Tajikistan,2017,36.4524,5.1588,63.4486,8.8803,4.402,4.4783,101.7348,142.6
762,Tajikistan,2019,37.0711,5.5498,66.5977,9.321,4.6231,4.698,101.6198,
764,Thailand,2005,21.2858,11.1388,128.0436,65.4162,33.2425,32.1737,96.7848,
764,Thailand,2010,19.1838,12.9412,131.5254,67.195,34.2638,32.9313,96.1111,
764,Thailand,2017,17.3538,17.0012,135.4691,69.2098,35.458,33.7518,95.1882,513.12
764,Thailand,2019,16.8235,18.4579,136.2829,69.6256,35.7207,33.9048,94.9164,
768,Togo,2005,42.777,4.4863,103.1741,5.6116,2.8349,2.7767,97.9455,
768,Togo,2010,42.787,4.433,118.0673,6.4217,3.236,3.1856,98.4423,
768,Togo,2017,41.6376,4.5862,141.5421,7.6985,3.871,3.8275,98.8749,56.785
768,Togo,2019,40.9984,4.6528,148.6002,8.0824,4.0617,4.0206,98.9889,
772,Tokelau,2001,40.7287,9.499,150.3,0.0015,,,98.067,
772,Tokelau,2005,,,120.8,0.0012,,,,
772,Tokelau,2006,36.5769,11.2945,116.7,0.0012,,,102.6408,
772,Tokelau,2010,,,114.0,0.0011,,,,
772,Tokelau,2016,28.2751,12.2022,128.2,0.0013,,,100.0,
772,Tokelau,2017,,,130.0,0.0013,,,,0.012
772,Tokelau,2019,,,134.0,0.0013,,,,
776,Tonga,2005,38.2062,8.1621,140.1458,0.1009,0.0503,0.0507,100.788,
776,Tonga,2010,37.4079,7.8549,144.425,0.104,0.0519,0.0521,100.5381,
776,Tonga,2017,35.7831,8.6629,141.6639,0.102,0.051,0.051,99.9843,0.747
776,Tonga,2019,35.0728,8.6962,145.1306,0.1045,0.0522,0.0523,100.1436,
780,Trinidad and Tobago,2005,21.8509,10.8082,252.7294,1.2965,0.6533,0.6432,98.4678,
780,Trinidad and Tobago,2010,20.7224,12.4367,258.8981,1.3281,0.6704,0.6578,98.1163,
780,Trinidad and Tobago,2017,20.5385,15.3902,269.7971,1.3841,0.7,0.6841,97.7288,5.127
780,Trinidad and Tobago,2019,20.2612,16.3734,271.9246,1.395,0.706,0.689,97.5913,
784,United Arab Emirates,2005,18.3413,1.6024,54.8831,4.5882,1.3587,3.2295,237.6863,
784,United Arab Emirates,2010,13.1563,1.3995,102.2726,8.55,2.154,6.396,296.9299,
784,United Arab Emirates,2017,14.5044,2.2087,113.4833,9.4872,2.8917,6.5955,228.0813,83.6
784,United Arab Emirates,2019,14.7126,2.7993,116.8724,9.7705,3.0037,6.7668,225.2809,
788,Tunisia,2005,25.4918,10.052,65.0539,10.1068,5.0485,5.0583,100.1947,
788,Tunisia,2010,23.3332,10.3837,68.4555,10.6352,5.3322,5.303,99.4528,
788,Tunisia,2017,24.1116,12.3694,73.5932,11.4334,5.7681,5.6654,98.2189,163.61
788,Tunisia,2019,24.2261,13.061,75.275,11.6947,5.8967,5.798,98.3252,
792,Turkey,2005,28.6,9.5561,88.2287,67.9035,34.4839,33.4196,96.9138,
792,Turkey,2010,26.9019,10.3577,93.9763,72.327,36.7627,35.5642,96.7399,
792,Turkey,2017,25.0028,12.1021,105.3967,81.1165,41.1382,39.9782,97.1802,783.562
792,Turkey,2019,24.2908,12.7289,108.4022,83.4296,42.2559,41.1737,97.439,
795,Turkmenistan,2005,32.6073,6.0641,10.1178,4.7546,2.4158,2.3389,96.8177,
795,Turkmenistan,2010,29.5174,6.0788,10.8255,5.0872,2.5847,2.5025,96.8204,
795,Turkmenistan,2017,30.9103,7.2795,12.2522,5.7577,2.9226,2.8351,97.0061,488.1
795,Turkmenistan,2019,30.7583,7.8324,12.6446,5.9421,3.0164,2.9257,96.9925,
796,Turks and Caicos Islands,2001,28.6282,5.2499,21.2474,0.0202,,,99.079,
796,Turks and Caicos Islands,2005,,,27.84,0.0264,,,99.0762,
796,Turks and Caicos Islands,2010,,,32.6253,0.031,,,106.7106,
796,Turks and Caicos Islands,2017,19.1647,7.5719,37.3116,0.0354,,,104.1034,0.9482
796,Turks and Caicos Islands,2019,,,40.2011,0.0382,,,,
798,Tuvalu,2002,36.1678,8.6079,321.1667,0.0096,,,97.8684,
798,Tuvalu,2005,,,334.2333,0.01,,,,
798,Tuvalu,2010,,,351.0333,0.0105,,,,
798,Tuvalu,2016,31.1055,9.9178,369.9,0.0111,,,102.0,
798,Tuvalu,2017,,,373.0667,0.0112,,,,0.026
798,Tuvalu,2019,,,388.2,0.0116,,,,
800,Uganda,2005,49.6674,3.1502,138.5546,27.6846,14.0456,13.639,97.1057,
800,Uganda,2010,49.0926,3.0312,162.295,32.4282,16.5133,15.9148,96.3755,
800,Uganda,2017,47.3199,3.1297,206.0287,41.1666,20.9184,20.2482,96.7959,241.55
800,Uganda,2019,46.5,3.1872,221.5585,44.2696,22.4624,21.8072,97.0829,
804,Ukraine,2005,14.6234,20.368,80.9411,46.8908,25.1407,21.7501,86.5136,
804,Ukraine,2010,14.126,20.9527,79.0446,45.7921,24.6553,21.1368,85.7294,
804,Ukraine,2017,15.629,22.8226,76.793,44.4877,23.8899,20.5978,86.22,603.5
804,Ukraine,2019,15.9397,23.3712,75.9401,43.9936,23.6146,20.379,86.2983,
807,North Macedonia,2005,20.2061,15.3143,81.692,2.0603,1.0305,1.0298,99.9276,
807,North Macedonia,2010,17.9055,16.3791,82.1071,2.0707,1.0358,1.0349,99.9144,
807,North Macedonia,2017,16.6612,19.4396,82.5534,2.082,1.0402,1.0418,100.1513,25.713
807,North Macedonia,2019,16.3936,20.2682,82.6114,2.0835,1.0412,1.0423,100.1106,
818,Egypt,2005,33.8447,7.0926,75.8688,75.5236,37.426,38.0976,101.7947,
818,Egypt,2010,32.5562,7.5648,83.1395,82.7612,40.955,41.8062,102.0784,
818,Egypt,2017,33.7755,7.8905,96.8834,96.4426,47.7068,48.7358,102.1568,1002.0
818,Egypt,2019,33.8348,8.1171,100.8469,100.3881,49.6655,50.7226,102.1285,
826,United Kingdom,2005,17.9777,21.2185,249.1959,60.288,30.7705,29.5175,95.928,
826,United Kingdom,2010,17.4955,22.6108,262.3065,63.4598,32.2845,31.1753,96.5642,
826,United Kingdom,2017,17.635,23.6954,275.8131,66.7275,33.8034,32.9241,97.3988,242.495
826,United Kingdom,2019,17.6957,24.135,279.131,67.5302,34.1787,33.3514,97.5795,
830,Channel Islands,2005,16.2772,20.587,798.3053,0.1517,0.0774,0.0743,96.0778,
830,Channel Islands,2010,15.544,21.4638,840.7053,0.1597,0.081,0.0787,97.0951,
830,Channel Islands,2017,15.3268,22.939,887.7105,0.1687,0.0853,0.0834,97.8348,0.18
830,Channel Islands,2019,15.0674,23.6272,906.6263,0.1723,0.087,0.0853,97.9818,
833,Isle of Man,2005,17.2589,22.1447,133.5404,0.0761,,,96.877,
833,Isle of Man,2009,16.4427,24.0971,139.1667,0.0793,,,98.3792,
833,Isle of Man,2010,,,140.4772,0.0801,,,98.5954,
833,Isle of Man,2016,16.0189,26.8562,146.907,0.0837,,,98.1544,
833,Isle of Man,2017,,,147.8719,0.0843,,,,0.572
833,Isle of Man,2019,,,148.393,0.0846,,,,
834,United Rep. of Tanzania,2005,44.7556,4.0787,43.4075,38.4503,19.3122,19.1381,99.0988,
834,United Rep. of Tanzania,2010,44.8756,4.0287,50.0638,44.3465,22.2271,22.1195,99.5159,
834,United Rep. of Tanzania,2017,44.3164,4.1031,61.7073,54.6603,27.3654,27.2949,99.7424,947.303
834,United Rep. of Tanzania,2019,43.8438,4.184,65.4837,58.0055,29.0248,28.9806,99.8477,
840,United States of America,2005,20.8811,16.6797,32.2488,294.9935,149.4254,145.5681,97.4185,
840,United States of America,2010,20.2048,18.3749,33.7813,309.0115,156.4006,152.6109,97.577,
840,United States of America,2017,18.8585,21.4902,35.5384,325.0848,164.2438,160.8409,97.9282,9833.5168
840,United States of America,2019,18.5493,22.418,35.9735,329.0649,166.2386,162.8263,97.9473,
850,United States Virgin Islands,2005,22.414,16.616,307.9829,0.1078,0.0557,0.0521,93.4865,
850,United States Virgin Islands,2010,20.7377,20.4445,303.1057,0.1061,0.0553,0.0508,91.7714,
850,United States Virgin Islands,2017,19.9168,25.4699,299.2886,0.1048,0.0549,0.0499,90.8097,0.347
850,United States Virgin Islands,2019,19.4936,26.9349,298.7943,0.1046,0.0549,0.0497,90.5768,
854,Burkina Faso,2005,46.4959,4.0793,49.0568,13.4219,6.7999,6.622,97.3834,
854,Burkina Faso,2010,46.2234,3.9013,57.0366,15.6052,7.8676,7.7376,98.348,
854,Burkina Faso,2017,45.1815,3.8616,70.1507,19.1932,9.6214,9.5718,99.4851,272.967
854,Burkina Faso,2019,44.6778,3.9008,74.274,20.3214,10.1736,10.1478,99.7461,
858,Uruguay,2005,23.6948,17.9071,18.9796,3.3218,1.7194,1.6024,93.1958,
858,Uruguay,2010,22.2024,18.5126,19.1937,3.3593,1.7404,1.6189,93.0187,
858,Uruguay,2017,20.777,19.5796,19.6357,3.4366,1.7781,1.6586,93.2801,173.626
858,Uruguay,2019,20.4581,20.012,19.7791,3.4617,1.7898,1.6719,93.4099,
860,Uzbekistan,2005,32.5988,6.5472,62.1246,26.4278,13.2973,13.1304,98.7448,
860,Uzbekistan,2010,29.1353,6.1811,67.0332,28.5159,14.3337,14.1822,98.9431,
860,Uzbekistan,2017,28.5183,7.3942,75.1288,31.9598,16.0289,15.9309,99.3886,448.969
860,Uzbekistan,2019,28.7978,7.962,77.5311,32.9817,16.5316,16.4501,99.5071,
862,Venezuela (Boliv. Rep. of),2005,31.6896,7.4676,29.9671,26.4324,13.2021,13.2304,100.2141,
862,Venezuela (Boliv. Rep. of),2010,29.9075,8.4035,32.243,28.4399,14.2502,14.1898,99.5759,
862,Venezuela (Boliv. Rep. of),2017,27.9706,10.5364,33.3343,29.4025,14.8494,14.553,98.0039,912.05
862,Venezuela (Boliv. Rep. of),2019,27.4042,11.5782,32.329,28.5158,14.4706,14.0452,97.0604,
876,Wallis and Futuna Islands,2003,,,104.65,0.0147,,,100.5906,
876,Wallis and Futuna Islands,2005,,,104.0571,0.0146,,,,
876,Wallis and Futuna Islands,2008,,,99.8857,0.014,,,98.4209,
876,Wallis and Futuna Islands,2010,,,95.9143,0.0134,,,,
876,Wallis and Futuna Islands,2016,25.5,15.4,84.9929,0.0119,,,93.4426,
876,Wallis and Futuna Islands,2017,,,84.0929,0.0118,,,,0.142
876,Wallis and Futuna Islands,2019,,,81.6571,0.0114,,,,
882,Samoa,2005,39.6051,6.8493,63.5078,0.1797,0.0866,0.0931,107.548,
882,Samoa,2010,38.3089,7.0923,65.7064,0.1859,0.09,0.096,106.6848,
882,Samoa,2017,38.5412,7.3677,69.029,0.1954,0.0943,0.1011,107.1731,2.8418
882,Samoa,2019,37.8641,7.7941,69.6456,0.1971,0.0951,0.102,107.2721,
887,Yemen,2005,46.0576,4.1685,38.0844,20.1074,9.9729,10.1345,101.6199,
887,Yemen,2010,42.6731,4.2798,43.8564,23.1549,11.4833,11.6716,101.6399,
887,Yemen,2017,40.0014,4.487,52.7205,27.8348,13.8075,14.0273,101.5918,527.968
887,Yemen,2019,39.2234,4.5849,55.2341,29.1619,14.4696,14.6923,101.5387,
894,Zambia,2005,47.015,3.4973,15.9489,11.8562,5.9953,5.8609,97.7584,
894,Zambia,2010,47.2891,3.2923,18.3026,13.606,6.8875,6.7185,97.5468,
894,Zambia,2017,45.4114,3.3133,22.6713,16.8536,8.5108,8.3428,98.025,752.612
894,Zambia,2019,44.4625,3.3842,24.0265,17.861,9.0178,8.8432,98.0638,
