date,symbol,open,close,low,high,volume,year,month,day
2016-04-04,WLTW,119.660004,117.650002,117.379997,120.349998,514300.0,2016,4,4
2016-04-05,WLTW,116.400002,114.07,113.25,116.440002,1150000.0,2016,4,5
2016-04-04,A,40.32,40.009998,39.799999,40.52,2958100.0,2016,4,4
2016-04-04,AAL,39.810001,39.369999,39.150002,40.240002,7831200.0,2016,4,4
2016-04-04,AAP,161.210007,159.229996,157.559998,164.139999,1041000.0,2016,4,4
2016-04-04,AAPL,110.419998,111.120003,110.269997,112.190002,37356200.0,2016,4,4
2016-04-04,ABBV,57.639999,59.209999,57.490002,59.400002,8108100.0,2016,4,4
2016-04-04,ABC,86.739998,87.160004,86.610001,88.099998,2271600.0,2016,4,4
2016-04-04,ABT,42.34,42.32,42.16,42.669998,4407800.0,2016,4,4
2016-04-04,ACN,116.080002,115.5,114.919998,116.199997,2231900.0,2016,4,4
2016-04-04,ADBE,95.419998,94.5,94.230003,96.279999,2398300.0,2016,4,4
2016-04-04,ADI,58.970001,58.759998,58.599998,59.049999,938800.0,2016,4,4
2016-04-04,ADM,36.330002,36.040001,35.950001,36.529999,2650500.0,2016,4,4
2016-04-04,ADP,90.080002,89.709999,89.470001,90.400002,1179100.0,2016,4,4
2016-04-04,ADS,221.199997,214.710007,214.539993,221.580002,610700.0,2016,4,4
2016-04-04,ADSK,57.799999,58.189999,57.009998,58.57,1314000.0,2016,4,4
2016-04-04,AEE,50.57,50.830002,50.369999,51.060001,2644900.0,2016,4,4
2016-04-04,AEP,67.07,66.580002,66.209999,67.190002,1795400.0,2016,4,4
2016-04-04,AES,11.56,11.36,11.31,11.66,5432700.0,2016,4,4
2016-04-04,AET,113.480003,114.529999,112.610001,114.959999,2307100.0,2016,4,4
2016-04-04,AFL,64.139999,63.59,63.459999,64.150002,1853000.0,2016,4,4
2016-04-04,AGN,268.859985,277.549988,268.5,277.959991,6355700.0,2016,4,4
2016-04-04,AIG,54.880001,54.400002,54.32,54.900002,5308800.0,2016,4,4
2016-04-04,AIZ,78.080002,77.739998,77.339996,78.379997,591500.0,2016,4,4
2016-04-04,AJG,44.57,44.439999,44.259998,44.73,1078400.0,2016,4,4
2016-04-04,AKAM,55.169998,55.330002,54.759998,55.84,1034100.0,2016,4,4
2016-04-04,ALB,65.379997,65.330002,64.989998,65.900002,1470100.0,2016,4,4
2016-04-04,ALK,78.220001,78.919998,77.010002,78.980003,6457100.0,2016,4,4
2016-04-04,ALL,68.150002,67.639999,67.519997,68.239998,1323300.0,2016,4,4
2016-04-04,ALLE,65.370003,64.860001,64.669998,65.839996,453800.0,2016,4,4
2016-04-04,ALXN,143.479996,147.100006,143.089996,148.740005,1995900.0,2016,4,4
2016-04-04,AMAT,21.35,21.17,21.139999,21.459999,7935300.0,2016,4,4
2016-04-04,AME,50.169998,49.32,49.18,50.169998,1294900.0,2016,4,4
2016-04-04,AMG,164.160004,160.619995,160.089996,164.169998,426200.0,2016,4,4
2016-04-04,AMGN,154.0,154.660004,153.699997,155.960007,2314200.0,2016,4,4
2016-04-04,AMP,94.370003,93.18,92.889999,94.370003,1482100.0,2016,4,4
2016-04-04,AMT,104.699997,104.699997,104.120003,104.879997,1877200.0,2016,4,4
2016-04-04,AMZN,599.0,593.190002,590.549988,599.5,2470800.0,2016,4,4
2016-04-04,AN,45.91,45.349998,45.169998,46.169998,2521400.0,2016,4,4
2016-04-04,ANTM,141.789993,147.259995,141.289993,147.429993,3195100.0,2016,4,4
2016-04-04,AON,104.629997,104.849998,104.5,105.239998,989900.0,2016,4,4
2016-04-04,APA,47.540001,46.82,46.619999,48.290001,2956500.0,2016,4,4
2016-04-04,APC,45.919998,44.59,44.380001,46.639999,4418000.0,2016,4,4
2016-04-04,APD,143.729994,142.699996,141.999992,144.079996,1654000.0,2016,4,4
2016-04-04,APH,58.619999,58.220001,58.080002,58.630001,926100.0,2016,4,4
2016-04-04,ARNC,9.580007,9.400008,9.370007,9.770007,8869600.0,2016,4,4
2016-04-04,ATVI,34.419998,34.23,33.959999,34.66,4823200.0,2016,4,4
2016-04-04,AVB,190.100006,189.699997,188.179993,190.830002,498500.0,2016,4,4
2016-04-04,AVGO,158.0,156.009995,155.660004,158.330002,1776000.0,2016,4,4
2016-04-04,AVY,73.0,72.82,72.309998,73.220001,1020900.0,2016,4,4
2016-04-04,AWK,69.5,69.620003,68.949997,69.830002,1231900.0,2016,4,4
2016-04-04,AXP,61.009998,60.619999,60.459999,61.060001,3367300.0,2016,4,4
2016-04-04,AYI,222.320007,220.169998,218.029999,223.169998,507000.0,2016,4,4
2016-04-04,AZO,803.119995,792.950012,787.030029,803.799988,268800.0,2016,4,4
2016-04-04,BA,126.540001,126.339996,125.879997,127.970001,5036500.0,2016,4,4
2016-04-04,BAC,13.54,13.51,13.41,13.65,59709600.0,2016,4,4
2016-04-04,BAX,41.75,42.080002,41.610001,42.310001,4351500.0,2016,4,4
2016-04-04,BBBY,49.369999,49.27,49.139999,49.75,1990500.0,2016,4,4
2016-04-04,BBT,33.470001,33.689999,33.34,33.830002,6145000.0,2016,4,4
2016-04-04,BBY,32.150002,31.9,31.889999,32.560001,3586800.0,2016,4,4
2016-04-04,BCR,204.149994,207.009995,204.0,207.119995,584700.0,2016,4,4
2016-04-04,BDX,153.990005,154.919998,153.550003,155.979996,888300.0,2016,4,4
2016-04-04,BEN,39.57,38.799999,38.689999,39.57,1667100.0,2016,4,4
2016-04-04,BHI,41.799999,41.470001,40.240002,42.580002,7146100.0,2016,4,4
2016-04-04,BIIB,260.559998,264.01001,260.040009,266.0,2414500.0,2016,4,4
2016-04-04,BK,36.919998,37.040001,36.810001,37.189999,4674700.0,2016,4,4
2016-04-04,BLK,342.0,338.519989,336.23999,343.290009,553100.0,2016,4,4
2016-04-04,BLL,71.449997,70.599998,70.470001,71.919998,812900.0,2016,4,4
2016-04-04,BMY,65.010002,65.970001,64.769997,66.330002,5726500.0,2016,4,4
2016-04-04,BSX,18.950001,19.469999,18.93,19.48,12221400.0,2016,4,4
2016-04-04,BWA,37.549999,35.279999,35.040001,37.669998,3543400.0,2016,4,4
2016-04-04,BXP,127.260002,127.5,126.82,127.82,540100.0,2016,4,4
2016-04-04,C,42.360001,42.060001,41.98,42.700001,14376300.0,2016,4,4
2016-04-04,CA,31.049999,30.719999,30.690001,31.1,1828100.0,2016,4,4
2016-04-04,CAG,45.299999,45.409997,44.739998,45.449996,4222000.0,2016,4,4
2016-04-04,CAH,82.290001,83.129997,82.290001,83.269997,1793000.0,2016,4,4
2016-04-04,CAT,76.559998,75.720001,75.419998,77.040001,4349500.0,2016,4,4
2016-04-04,CB,123.0,120.589996,120.300003,123.139999,2243700.0,2016,4,4
2016-04-04,CBG,29.15,29.24,29.02,29.610001,2445000.0,2016,4,4
2016-04-04,CBS,55.299999,54.82,54.720001,55.650002,2968600.0,2016,4,4
2016-04-04,CCI,87.349998,87.019997,86.949997,87.5,1883200.0,2016,4,4
2016-04-04,CCL,52.799999,53.029999,52.529999,53.209999,3586900.0,2016,4,4
2016-04-04,CELG,101.910004,101.050003,100.910004,102.389999,4439800.0,2016,4,4
2016-04-04,CERN,54.139999,54.599998,54.040001,54.98,2807000.0,2016,4,4
2016-04-04,CF,31.889999,31.209999,31.08,32.32,2445500.0,2016,4,4
2016-04-04,CFG,21.299999,21.51,21.115,21.65,4721700.0,2016,4,4
2016-04-04,CHD,93.879997,92.540001,92.169998,93.879997,1596800.0,2016,4,4
2016-04-04,CHK,3.86,3.72,3.63,3.9,23103300.0,2016,4,4
2016-04-04,CHRW,73.720001,73.470001,73.290001,74.620003,1037400.0,2016,4,4
2016-04-04,CHTR,205.279999,205.350006,203.470001,206.630005,1592900.0,2016,4,4
2016-04-04,CI,137.0,141.229996,136.369995,141.660004,2703700.0,2016,4,4
2016-04-04,CINF,66.010002,65.470001,65.139999,66.010002,412300.0,2016,4,4
2016-04-04,CL,70.870003,71.160004,70.589996,71.269997,2641100.0,2016,4,4
2016-04-04,CLX,127.489998,127.639999,126.610001,128.149994,1054000.0,2016,4,4
2016-04-04,CMA,37.98,38.080002,37.82,39.310001,3878300.0,2016,4,4
2016-04-04,CMCSA,61.509998,61.43,61.119999,61.810001,7350600.0,2016,4,4
2016-04-04,CME,96.870003,96.739998,95.660004,96.870003,779300.0,2016,4,4
2016-04-04,CMG,466.48999,465.0,463.01001,473.170013,676000.0,2016,4,4
2016-04-04,CMI,110.110001,109.089996,108.68,110.709999,1347800.0,2016,4,4
2016-04-04,CMS,42.75,42.689999,42.16,42.869999,1925600.0,2016,4,4
2016-04-04,CNC,62.25,61.389999,61.0,62.380001,2685700.0,2016,4,4
2016-04-04,CNP,21.18,20.959999,20.91,21.190001,3055000.0,2016,4,4
2016-04-04,COF,70.589996,69.830002,69.720001,70.889999,1617400.0,2016,4,4
2016-04-04,COG,22.610001,22.700001,22.5,23.34,6589400.0,2016,4,4
2016-04-04,COH,40.619999,40.150002,39.990002,40.889999,2423500.0,2016,4,4
2016-04-04,COL,92.57,92.330002,92.120003,93.190002,428700.0,2016,4,4
2016-04-04,COO,158.729996,156.669998,156.080002,159.119995,357100.0,2016,4,4
2016-04-04,COP,39.790001,39.099998,38.98,40.34,8663000.0,2016,4,4
2016-04-04,COST,158.679993,157.729996,156.460007,158.990005,1458400.0,2016,4,4
2016-04-04,COTY,29.01,28.790001,28.280001,29.17,975600.0,2016,4,4
2016-04-04,CPB,65.150002,65.470001,64.089996,65.470001,2020400.0,2016,4,4
2016-04-04,CRM,75.849998,75.690002,75.410004,76.440002,2978100.0,2016,4,4
2016-04-04,CSCO,28.370001,28.139999,28.01,28.41,17890000.0,2016,4,4
2016-04-04,CSRA,27.32,26.879999,26.84,27.32,1131800.0,2016,4,4
2016-04-04,CSX,25.530001,25.16,25.030001,25.74,19195100.0,2016,4,4
2016-04-04,CTAS,90.32,88.910004,88.800003,90.980003,539800.0,2016,4,4
2016-04-04,CTL,32.200001,32.23,32.150002,32.700001,5186800.0,2016,4,4
2016-04-04,CTSH,63.119999,61.759998,61.599998,63.139999,3856000.0,2016,4,4
2016-04-04,CTXS,79.889999,79.269997,78.559998,79.900002,811200.0,2016,4,4
2016-04-04,CVS,103.889999,104.480003,103.68,104.559998,3991800.0,2016,4,4
2016-04-04,CVX,94.440002,93.43,93.040001,94.480003,6552000.0,2016,4,4
2016-04-04,CXO,101.730003,97.900002,97.760002,102.260002,1259900.0,2016,4,4
2016-04-04,D,75.220001,74.580002,74.290001,75.220001,2013700.0,2016,4,4
2016-04-04,DAL,47.110001,47.150002,46.759998,48.32,7863200.0,2016,4,4
2016-04-04,DD,63.639999,63.799999,63.380001,64.110001,1819400.0,2016,4,4
2016-04-04,DE,76.279999,75.900002,75.779999,76.849998,2930800.0,2016,4,4
2016-04-04,DFS,51.34,50.759998,50.68,51.380001,2108900.0,2016,4,4
2016-04-04,DG,87.209999,86.169998,85.800003,87.309998,2311600.0,2016,4,4
2016-04-04,DGX,72.330002,72.07,71.739998,72.639999,703100.0,2016,4,4
2016-04-04,DHI,30.360001,29.959999,29.6,30.389999,2784100.0,2016,4,4
2016-04-04,DHR,94.930002,93.750004,93.59,94.930002,3838000.0,2016,4,4
2016-04-04,DIS,99.300003,98.68,98.580002,99.440002,5334700.0,2016,4,4
2016-04-04,DISCA,29.0,28.879999,28.75,29.26,1855000.0,2016,4,4
2016-04-04,DISCK,27.5,27.620001,27.290001,27.780001,2039400.0,2016,4,4
2016-04-04,DLPH,73.300003,70.830002,70.489998,73.480003,3611100.0,2016,4,4
2016-04-04,DLR,89.470001,89.43,88.769997,89.949997,903000.0,2016,4,4
2016-04-04,DLTR,83.470001,82.540001,81.339996,83.68,2050700.0,2016,4,4
2016-04-04,DNB,104.18,104.019997,102.889999,104.470001,174900.0,2016,4,4
2016-04-04,DOV,64.059998,62.939999,62.830002,64.360001,1533800.0,2016,4,4
2016-04-04,DOW,50.869999,51.07,50.689999,51.23,4845900.0,2016,4,4
2016-04-04,DPS,91.480003,91.0,90.440002,91.800003,1415400.0,2016,4,4
2016-04-04,DRI,67.410004,67.339996,66.489998,68.620003,3303400.0,2016,4,4
2016-04-04,DTE,91.050003,90.720001,89.839996,91.230003,939000.0,2016,4,4
2016-04-04,DUK,81.150002,81.089996,80.400002,81.379997,1903400.0,2016,4,4
2016-04-04,DVA,74.18,73.470001,73.199997,74.459999,1063000.0,2016,4,4
2016-04-04,DVN,26.719999,26.049999,25.940001,27.290001,8820200.0,2016,4,4
2016-04-04,EA,66.0,65.739998,65.379997,66.489998,2029600.0,2016,4,4
2016-04-04,EBAY,23.4,24.030001,23.4,24.18,12415900.0,2016,4,4
2016-04-04,ECL,111.970001,112.080002,111.690002,112.82,1279100.0,2016,4,4
2016-04-04,ED,77.0,76.870003,76.089996,77.160004,1381500.0,2016,4,4
2016-04-04,EFX,116.589996,115.419998,115.129997,116.790001,374100.0,2016,4,4
2016-04-04,EIX,72.0,71.830002,71.029999,72.379997,2116900.0,2016,4,4
2016-04-04,EL,95.800003,95.5,94.839996,95.800003,796600.0,2016,4,4
2016-04-04,EMN,73.360001,72.5,72.260002,73.459999,837500.0,2016,4,4
2016-04-04,EMR,54.779999,54.110001,53.560001,54.84,4260700.0,2016,4,4
2016-04-04,ENDP,29.280001,28.41,28.360001,29.709999,5617000.0,2016,4,4
2016-04-04,EOG,72.480003,70.309998,70.110001,72.629997,3452600.0,2016,4,4
2016-04-04,EQIX,331.950012,333.109985,330.339996,334.179993,515200.0,2016,4,4
2016-04-04,EQR,75.260002,74.669998,74.209999,75.489998,1730000.0,2016,4,4
2016-04-04,EQT,67.110001,66.129997,65.75,67.900002,1145100.0,2016,4,4
2016-04-04,ES,58.869999,58.59,58.279999,59.09,1290200.0,2016,4,4
2016-04-04,ESRX,69.620003,68.32,68.059998,70.370003,5237100.0,2016,4,4
2016-04-04,ESS,233.149994,233.789993,232.130005,234.990005,373900.0,2016,4,4
2016-04-04,ETFC,24.950001,24.68,24.610001,25.110001,2234400.0,2016,4,4
2016-04-04,ETN,62.889999,62.650002,62.490002,63.330002,2364500.0,2016,4,4
2016-04-04,ETR,79.949997,78.940002,78.709999,80.0,1417100.0,2016,4,4
2016-04-04,EVHC,19.83,19.43,19.41,19.93,3374000.0,2016,4,4
2016-04-04,EW,102.209999,105.080002,100.900002,107.900002,9078200.0,2016,4,4
2016-04-04,EXC,35.689999,35.509998,35.400002,35.77,4469000.0,2016,4,4
2016-04-04,EXPD,48.299999,47.790001,47.630001,48.669998,1209000.0,2016,4,4
2016-04-04,EXPE,108.32,105.139999,103.75,108.629997,3442600.0,2016,4,4
2016-04-04,EXR,93.940002,93.489998,92.25,94.160004,948400.0,2016,4,4
2016-04-04,F,13.11,12.8,12.76,13.12,42406300.0,2016,4,4
2016-04-04,FAST,48.75,47.369999,47.290001,48.77,3380900.0,2016,4,4
2016-04-04,FB,114.07,112.550003,111.610001,114.550003,48487900.0,2016,4,4
2016-04-04,FBHS,56.299999,55.66,55.029999,56.450001,1205200.0,2016,4,4
2016-04-04,FCX,9.91,9.42,9.39,10.09,38727500.0,2016,4,4
2016-04-04,FDX,163.880005,163.800003,163.179993,165.509995,1643600.0,2016,4,4
2016-04-04,FE,35.990002,35.68,35.580002,36.130001,4869600.0,2016,4,4
2016-04-04,FFIV,105.360001,104.669998,103.82,105.360001,802400.0,2016,4,4
2016-04-04,FIS,65.110001,64.339996,64.25,65.349998,1468600.0,2016,4,4
2016-04-04,FISV,103.300003,102.419998,102.18,103.489998,962800.0,2016,4,4
2016-04-04,FITB,16.82,16.75,16.629999,17.01,6608300.0,2016,4,4
2016-04-04,FL,63.860001,63.509998,63.330002,64.440002,2776300.0,2016,4,4
2016-04-04,FLIR,33.02,32.630001,32.59,33.34,678000.0,2016,4,4
2016-04-04,FLR,53.509998,52.59,52.450001,53.93,1335700.0,2016,4,4
2016-04-04,FLS,43.490002,42.560001,42.380001,43.610001,1828500.0,2016,4,4
2016-04-04,FMC,40.099998,39.200001,38.900002,40.220001,1163900.0,2016,4,4
2016-04-04,FOX,29.08,29.01,28.9,29.299999,1779100.0,2016,4,4
2016-04-04,FOXA,28.57,28.58,28.450001,28.889999,6562300.0,2016,4,4
2016-04-04,FRT,157.110001,156.869995,156.220001,158.089996,338600.0,2016,4,4
2016-04-04,FSLR,67.360001,67.239998,67.089996,69.010002,1578300.0,2016,4,4
2016-04-04,FTI,27.08,27.09,26.719999,27.299999,3589700.0,2016,4,4
2016-04-04,FTR,5.5,5.42,5.39,5.52,13072700.0,2016,4,4
2016-04-04,GD,132.289993,131.690002,131.520004,133.070007,1555300.0,2016,4,4
2016-04-04,GE,31.690001,31.23,31.09,31.709999,44929000.0,2016,4,4
2016-04-04,GGP,29.51,29.32,29.209999,29.73,5626600.0,2016,4,4
2016-04-04,GILD,94.349998,94.239998,93.75,95.0,8804800.0,2016,4,4
2016-04-04,GIS,65.0,65.360001,64.139999,65.379997,6174600.0,2016,4,4
2016-04-04,GLW,20.790001,20.780001,20.77,20.959999,6557600.0,2016,4,4
2016-04-04,GM,30.4,29.9,29.75,30.48,12167300.0,2016,4,4
2016-04-04,GOOG,750.059998,745.289978,742.429993,752.799988,1134200.0,2016,4,4
2016-04-04,GOOGL,769.51001,765.119995,761.789978,772.440002,1346200.0,2016,4,4
2016-04-04,GPC,98.93,98.309998,97.769997,99.040001,855200.0,2016,4,4
2016-04-04,GPN,65.339996,64.769997,64.5,65.760002,1729700.0,2016,4,4
2016-04-04,GPS,29.690001,29.52,29.35,30.1,6046100.0,2016,4,4
2016-04-04,GRMN,39.790001,40.009998,39.459999,40.040001,1058300.0,2016,4,4
2016-04-04,GS,159.970001,157.770004,157.389999,160.0,2478100.0,2016,4,4
2016-04-04,GT,32.369999,31.389999,31.280001,32.450001,2861500.0,2016,4,4
2016-04-04,GWW,233.850006,231.259995,230.600006,234.610001,392300.0,2016,4,4
2016-04-04,HAL,34.849998,34.0,33.830002,35.299999,14100000.0,2016,4,4
2016-04-04,HAR,86.589996,84.470001,84.400002,86.830002,862700.0,2016,4,4
2016-04-04,HAS,79.370003,79.699997,79.290001,80.440002,988200.0,2016,4,4
2016-04-04,HBAN,9.6,9.51,9.46,9.61,11037000.0,2016,4,4
2016-04-04,HBI,28.370001,27.91,27.879999,28.51,2108800.0,2016,4,4
2016-04-04,HCA,79.25,78.730003,78.209999,79.349998,2075300.0,2016,4,4
2016-04-04,HCN,69.389999,69.599998,69.169998,69.879997,1941200.0,2016,4,4
2016-04-04,HCP,32.770001,32.970002,32.640002,33.230001,2929400.0,2016,4,4
2016-04-04,HD,136.070007,134.850006,134.350006,136.229996,3547600.0,2016,4,4
2016-04-04,HES,52.540001,50.549999,50.470001,52.880001,3484200.0,2016,4,4
2016-04-04,HIG,46.75,46.32,46.240002,46.869999,2094700.0,2016,4,4
2016-04-04,HOG,51.650002,51.220001,51.169998,52.0,1702700.0,2016,4,4
2016-04-04,HOLX,34.689999,35.209999,34.52,35.450001,3232400.0,2016,4,4
2016-04-04,HON,113.419998,112.550003,112.209999,113.419998,2325000.0,2016,4,4
2016-04-04,HP,56.93,56.790001,55.959999,57.939999,1827000.0,2016,4,4
2016-04-04,HPE,18.450001,18.040001,17.93,18.450001,7667000.0,2016,4,4
2016-04-04,HPQ,12.24,12.1,12.09,12.3,11098400.0,2016,4,4
2016-04-04,HRB,26.24,26.33,26.200001,26.59,3409500.0,2016,4,4
2016-04-04,HRL,43.93,43.549999,43.16,43.98,2164700.0,2016,4,4
2016-04-04,HRS,77.82,76.989998,76.940002,77.93,939400.0,2016,4,4
2016-04-04,HSIC,172.690002,172.240005,171.759995,173.139999,332200.0,2016,4,4
2016-04-04,HST,16.0,15.68,15.59,16.040001,11262300.0,2016,4,4
2016-04-04,HSY,93.809998,92.5,92.330002,94.169998,978900.0,2016,4,4
2016-04-04,HUM,185.0,185.470001,184.210007,187.800003,790600.0,2016,4,4
2016-04-04,IBM,152.339996,152.070007,151.910004,153.520004,3931200.0,2016,4,4
2016-04-04,ICE,235.249996,236.499996,232.840004,236.84,4323000.0,2016,4,4
2016-04-04,IDXX,79.269997,79.75,78.580002,80.190002,654400.0,2016,4,4
2016-04-04,IFF,116.440002,115.849998,114.650002,116.440002,454400.0,2016,4,4
2016-04-04,ILMN,167.75,167.600006,166.130005,169.830002,877900.0,2016,4,4
2016-04-04,INTC,32.200001,32.0,31.74,32.380001,21581600.0,2016,4,4
2016-04-04,INTU,104.910004,104.959999,104.629997,105.279999,894100.0,2016,4,4
2016-04-04,IP,41.02,40.560001,40.5,41.119999,3065000.0,2016,4,4
2016-04-04,IPG,23.16,22.9,22.870001,23.27,3704300.0,2016,4,4
2016-04-04,IR,61.959999,61.43,61.290001,62.040001,1624500.0,2016,4,4
2016-04-04,IRM,32.720001,32.720001,32.48,32.799999,1104900.0,2016,4,4
2016-04-04,ISRG,607.5,622.059998,603.280029,627.940002,509100.0,2016,4,4
2016-04-04,ITW,103.470001,102.669998,102.339996,103.699997,1444700.0,2016,4,4
2016-04-04,IVZ,31.34,31.09,30.99,31.559999,4568000.0,2016,4,4
2016-04-04,JBHT,84.830002,84.300003,84.169998,85.260002,414400.0,2016,4,4
2016-04-04,JCI,36.77,36.509998,36.5,36.869999,1448000.0,2016,4,4
2016-04-04,JEC,43.720001,43.040001,42.939999,43.77,565600.0,2016,4,4
2016-04-04,JNJ,108.82,108.589996,108.260002,109.099998,10668900.0,2016,4,4
2016-04-04,JNPR,25.450001,25.190001,24.92,25.51,4532900.0,2016,4,4
2016-04-04,JPM,59.439999,59.200001,58.959999,59.57,12305000.0,2016,4,4
2016-04-04,JWN,57.150002,55.549999,55.43,57.419998,2570100.0,2016,4,4
2016-04-04,K,77.879997,78.07,77.0,78.099998,2986200.0,2016,4,4
2016-04-04,KEY,10.94,10.96,10.89,11.22,10777200.0,2016,4,4
2016-04-04,KHC,78.970001,78.849998,78.379997,79.089996,3495200.0,2016,4,4
2016-04-04,KIM,28.639999,28.4,28.23,28.68,1923700.0,2016,4,4
2016-04-04,KLAC,73.160004,72.830002,72.559998,73.230003,861500.0,2016,4,4
2016-04-04,KMB,136.179993,136.259995,135.610001,136.899994,1155900.0,2016,4,4
2016-04-04,KMI,17.32,17.190001,17.09,17.58,15161400.0,2016,4,4
2016-04-04,KMX,51.740002,51.150002,50.790001,51.75,3342700.0,2016,4,4
2016-04-04,KO,46.84,46.889999,46.5,46.93,10629800.0,2016,4,4
2016-04-04,KORS,57.389999,56.349998,56.279999,58.630001,3126300.0,2016,4,4
2016-04-04,KR,38.32,38.029999,37.91,38.459999,7242500.0,2016,4,4
2016-04-04,KSS,45.919998,45.099998,44.98,46.41,1583300.0,2016,4,4
2016-04-04,KSU,85.629997,85.949997,85.330002,87.110001,1061400.0,2016,4,4
2016-04-04,L,38.599998,37.959999,37.91,38.630001,481800.0,2016,4,4
2016-04-04,LB,88.099998,86.699997,86.230003,88.370003,1344500.0,2016,4,4
2016-04-04,LEG,48.41,48.029999,47.900002,48.93,1005600.0,2016,4,4
2016-04-04,LEN,47.450001,46.849998,46.360001,47.5,2152100.0,2016,4,4
2016-04-04,LH,118.629997,118.279999,117.650002,119.400002,587600.0,2016,4,4
2016-04-04,LKQ,32.139999,32.290001,31.74,32.349998,2347300.0,2016,4,4
2016-04-04,LLL,118.269997,119.400002,118.029999,119.860001,539900.0,2016,4,4
2016-04-04,LLTC,45.07,44.419998,44.360001,45.099998,1811800.0,2016,4,4
2016-04-04,LLY,73.559998,73.18,72.889999,73.790001,2796300.0,2016,4,4
2016-04-04,LMT,223.220001,224.130005,223.080002,224.899994,1007500.0,2016,4,4
2016-04-04,LNC,39.75,39.470001,39.34,40.060001,1882900.0,2016,4,4
2016-04-04,LNT,74.940002,74.910004,74.099998,75.18,1099000.0,2016,4,4
2016-04-04,LOW,77.5,76.18,76.050003,77.5,3847300.0,2016,4,4
2016-04-04,LRCX,82.980003,82.760002,81.830002,82.980003,2048300.0,2016,4,4
2016-04-04,LUK,16.23,16.059999,15.96,16.27,1674700.0,2016,4,4
2016-04-04,LUV,44.759998,44.110001,44.0,45.110001,5219200.0,2016,4,4
2016-04-04,LVLT,53.259998,52.639999,52.459999,53.52,1826900.0,2016,4,4
2016-04-04,LYB,86.739998,86.160004,85.970001,87.68,2082000.0,2016,4,4
2016-04-04,M,43.099998,42.16,42.099998,43.130001,3839700.0,2016,4,4
2016-04-04,MA,96.010002,95.050003,94.459999,96.099998,4449900.0,2016,4,4
2016-04-04,MAA,102.779999,102.059998,101.459999,103.040001,296000.0,2016,4,4
2016-04-04,MAC,79.910004,79.349998,78.410004,80.120003,1069800.0,2016,4,4
2016-04-04,MAR,67.129997,66.360001,66.160004,67.360001,5528200.0,2016,4,4
2016-04-04,MAS,32.0,31.68,31.469999,32.080002,3516000.0,2016,4,4
2016-04-04,MAT,34.490002,33.810001,33.73,34.75,3566600.0,2016,4,4
2016-04-04,MCD,127.050003,127.57,126.879997,127.870003,4239300.0,2016,4,4
2016-04-04,MCHP,48.18,48.380001,47.84,48.610001,2298300.0,2016,4,4
2016-04-04,MCK,157.240005,158.210007,157.0,161.779999,1190700.0,2016,4,4
2016-04-04,MCO,97.690002,96.25,96.199997,98.110001,788200.0,2016,4,4
2016-04-04,MDLZ,41.139999,41.220001,40.830002,41.290001,8787800.0,2016,4,4
2016-04-04,MDT,75.919998,76.300003,75.690002,76.940002,7715300.0,2016,4,4
2016-04-04,MET,44.630001,43.68,43.549999,44.630001,5510000.0,2016,4,4
2016-04-04,MHK,192.619995,189.899994,189.639999,192.619995,352100.0,2016,4,4
2016-04-04,MJN,83.900002,84.830002,82.43,84.839996,2687000.0,2016,4,4
2016-04-04,MKC,100.5,100.709999,99.529999,100.910004,774800.0,2016,4,4
2016-04-04,MLM,161.5,159.910004,158.509995,161.5,581200.0,2016,4,4
2016-04-04,MMC,61.360001,61.209999,61.119999,61.610001,1152800.0,2016,4,4
2016-04-04,MMM,167.110001,166.399994,165.919998,167.490005,2022800.0,2016,4,4
2016-04-04,MNK,64.18,63.75,63.040001,64.589996,2466100.0,2016,4,4
2016-04-04,MNST,134.84,134.769997,133.200005,135.419998,2516400.0,2016,4,4
2016-04-04,MO,63.029999,63.23,62.669998,63.299999,5093000.0,2016,4,4
2016-04-04,MON,87.839996,87.199997,86.959999,88.309998,2635700.0,2016,4,4
2016-04-04,MOS,26.379999,25.809999,25.65,26.65,4496300.0,2016,4,4
2016-04-04,MPC,36.049999,36.650002,36.0,37.23,3225700.0,2016,4,4
2016-04-04,MRK,53.91,54.400002,53.75,54.630001,10249600.0,2016,4,4
2016-04-04,MRO,10.52,10.53,10.41,11.0,21890200.0,2016,4,4
2016-04-04,MSFT,55.43,55.43,55.0,55.66,18928800.0,2016,4,4
2016-04-04,MSI,75.400002,76.32,75.129997,76.830002,1951400.0,2016,4,4
2016-04-04,MTB,112.150002,112.18,111.589996,112.970001,523800.0,2016,4,4
2016-04-04,MTD,350.609985,350.589996,348.850006,353.859985,126400.0,2016,4,4
2016-04-04,MU,11.06,10.8,10.78,11.22,22475200.0,2016,4,4
2016-04-04,MUR,24.290001,23.82,23.559999,24.700001,3783200.0,2016,4,4
2016-04-04,MYL,47.490002,47.23,47.060001,48.459999,3693800.0,2016,4,4
2016-04-04,NAVI,11.62,11.68,11.53,11.9,2629200.0,2016,4,4
2016-04-04,NBL,31.219999,30.0,29.940001,31.530001,3246500.0,2016,4,4
2016-04-04,NDAQ,66.389999,65.550003,64.870003,66.389999,1318300.0,2016,4,4
2016-04-04,NEE,119.029999,118.720001,117.940002,119.18,1309900.0,2016,4,4
2016-04-04,NEM,26.6,26.299999,26.120001,26.610001,4141800.0,2016,4,4
2016-04-04,NFLX,105.900002,104.349998,103.199997,105.919998,10940400.0,2016,4,4
2016-04-04,NFX,32.709999,31.73,31.68,33.150002,2897200.0,2016,4,4
2016-04-04,NI,23.809999,23.6,23.42,23.92,2349000.0,2016,4,4
2016-04-04,NKE,61.73,59.970001,59.419998,61.849998,16523400.0,2016,4,4
2016-04-04,NLSN,53.330002,53.009998,52.490002,53.52,1868500.0,2016,4,4
2016-04-04,NOC,200.809998,201.179993,200.050003,202.050003,736700.0,2016,4,4
2016-04-04,NOV,29.59,29.59,29.18,29.950001,3949900.0,2016,4,4
2016-04-04,NRG,12.77,12.81,12.62,13.27,6554300.0,2016,4,4
2016-04-04,NSC,83.129997,82.489998,82.419998,84.089996,935200.0,2016,4,4
2016-04-04,NTAP,26.889999,26.620001,26.530001,26.889999,1777600.0,2016,4,4
2016-04-04,NTRS,65.870003,65.68,65.190002,66.529999,927500.0,2016,4,4
2016-04-04,NUE,47.41,46.68,46.599998,47.779999,2356200.0,2016,4,4
2016-04-04,NVDA,36.450001,35.799999,35.66,36.639999,9848500.0,2016,4,4
2016-04-04,NWL,45.540001,45.360001,45.07,45.57,5755900.0,2016,4,4
2016-04-04,NWS,13.51,13.21,13.21,13.51,915700.0,2016,4,4
2016-04-04,NWSA,13.0,12.76,12.74,13.06,3024700.0,2016,4,4
2016-04-04,O,62.259998,62.16,61.66,62.799999,1768600.0,2016,4,4
2016-04-04,OKE,28.6,28.370001,28.299999,29.41,2119200.0,2016,4,4
2016-04-04,OMC,83.849998,83.879997,83.459999,84.290001,1722500.0,2016,4,4
2016-04-04,ORCL,41.150002,41.07,40.900002,41.279999,10243500.0,2016,4,4
2016-04-04,ORLY,277.690002,272.149994,271.5,277.690002,555100.0,2016,4,4
2016-04-04,OXY,68.68,68.190002,67.769997,69.120003,3233700.0,2016,4,4
2016-04-04,PAYX,54.419998,53.450001,53.299999,54.450001,1898300.0,2016,4,4
2016-04-04,PBCT,16.139999,16.049999,15.96,16.139999,2728900.0,2016,4,4
2016-04-04,PBI,21.49,21.370001,21.280001,21.549999,1251700.0,2016,4,4
2016-04-04,PCAR,54.110001,53.669998,53.580002,54.209999,1670200.0,2016,4,4
2016-04-04,PCG,59.990002,59.52,59.369999,60.029999,2529700.0,2016,4,4
2016-04-04,PCLN,1297.550049,1281.76001,1276.290039,1298.199951,357100.0,2016,4,4
2016-04-04,PDCO,46.470001,46.43,46.290001,46.639999,418400.0,2016,4,4
2016-04-04,PEG,47.32,46.939999,46.650002,47.369999,3545300.0,2016,4,4
2016-04-04,PEP,103.800003,103.82,102.769997,103.949997,4220400.0,2016,4,4
2016-04-04,PFE,30.09,30.719999,30.059999,30.75,51956900.0,2016,4,4
2016-04-04,PFG,39.790001,39.25,39.099998,39.799999,1509800.0,2016,4,4
2016-04-04,PG,83.650002,83.209999,83.029999,83.650002,5593400.0,2016,4,4
2016-04-04,PGR,35.470001,35.169998,35.110001,35.540001,2747400.0,2016,4,4
2016-04-04,PH,111.889999,109.779999,109.610001,111.889999,1044100.0,2016,4,4
2016-04-04,PHM,18.43,17.209999,16.6,18.629999,22493400.0,2016,4,4
2016-04-04,PKI,50.290001,50.16,50.049999,50.990002,636500.0,2016,4,4
2016-04-04,PLD,44.689999,44.389999,44.23,44.779999,1989500.0,2016,4,4
2016-04-04,PM,99.959999,100.360001,99.470001,100.480003,4198200.0,2016,4,4
2016-04-04,PNC,85.089996,85.32,84.699997,85.989998,1736800.0,2016,4,4
2016-04-04,PNR,53.48,53.130001,52.880001,53.630001,1205300.0,2016,4,4
2016-04-04,PNW,75.599998,75.370003,74.879997,75.809998,603900.0,2016,4,4
2016-04-04,PPG,113.150002,112.190002,111.629997,113.230003,1390500.0,2016,4,4
2016-04-04,PPL,38.240002,38.029999,37.779999,38.299999,2377100.0,2016,4,4
2016-04-04,PRGO,127.0,128.539993,126.75,129.940002,1401500.0,2016,4,4
2016-04-04,PRU,73.120003,72.279999,72.110001,73.279999,1800900.0,2016,4,4
2016-04-04,PSA,275.399994,276.269989,273.779999,277.059998,575800.0,2016,4,4
2016-04-04,PSX,85.699997,85.730003,85.290001,86.660004,1817400.0,2016,4,4
2016-04-04,PVH,99.160004,97.660004,96.82,99.489998,1023100.0,2016,4,4
2016-04-04,PWR,22.440001,22.16,22.1,22.58,1658800.0,2016,4,4
2016-04-04,PX,114.5,114.709999,114.300003,115.599998,977500.0,2016,4,4
2016-04-04,PXD,140.830002,138.440002,137.919998,143.589996,1907900.0,2016,4,4
2016-04-04,PYPL,39.360001,38.790001,38.41,39.380001,5381300.0,2016,4,4
2016-04-04,QCOM,50.810001,50.650002,50.509998,51.110001,6289600.0,2016,4,4
2016-04-04,QRVO,50.93,50.619999,50.34,51.25,763400.0,2016,4,4
2016-04-04,R,64.099998,63.619999,63.529999,65.209999,703800.0,2016,4,4
2016-04-04,RAI,50.259998,50.130001,49.970001,50.509998,6319300.0,2016,4,4
2016-04-04,RCL,82.089996,82.510002,81.709999,83.620003,2100700.0,2016,4,4
2016-04-04,REGN,403.690002,405.299988,399.059998,411.329987,1205200.0,2016,4,4
2016-04-04,RF,7.87,7.87,7.8,7.97,12083400.0,2016,4,4
2016-04-04,RHI,47.200001,46.0,45.970001,47.259998,1215300.0,2016,4,4
2016-04-04,RHT,75.540001,75.279999,75.07,76.199997,1740000.0,2016,4,4
2016-04-04,RIG,8.58,8.55,8.46,9.01,16920200.0,2016,4,4
2016-04-04,RL,97.519997,93.800003,93.550003,97.730003,1226700.0,2016,4,4
2016-04-04,ROK,113.220001,111.949997,111.919998,113.540001,781200.0,2016,4,4
2016-04-04,ROP,184.589996,180.399994,179.399994,184.589996,576900.0,2016,4,4
2016-04-04,ROST,58.869999,58.650002,58.41,59.009998,2941100.0,2016,4,4
2016-04-04,RRC,32.860001,33.040001,32.860001,34.91,4274200.0,2016,4,4
2016-04-04,RSG,47.049999,46.27,46.18,47.209999,4409600.0,2016,4,4
2016-04-04,RTN,123.080002,124.220001,123.0,125.959999,3850300.0,2016,4,4
2016-04-04,SBUX,61.099998,60.25,60.080002,61.18,5799900.0,2016,4,4
2016-04-04,SCG,71.059998,70.900002,70.169998,71.269997,895900.0,2016,4,4
2016-04-04,SCHW,28.35,27.99,27.92,28.52,4988800.0,2016,4,4
2016-04-04,SE,30.24,30.290001,30.1,30.59,3662800.0,2016,4,4
2016-04-04,SEE,48.669998,48.66,48.400002,48.959999,952200.0,2016,4,4
2016-04-04,SHW,288.019989,287.130005,283.579987,289.339996,456300.0,2016,4,4
2016-04-04,SIG,124.0,121.029999,120.800003,124.089996,881700.0,2016,4,4
2016-04-04,SJM,130.059998,127.57,126.93,130.809998,1970900.0,2016,4,4
2016-04-04,SLB,72.440002,72.639999,71.900002,72.919998,9265300.0,2016,4,4
2016-04-04,SLG,96.620003,96.309998,95.900002,97.400002,674700.0,2016,4,4
2016-04-04,SNA,158.899994,154.899994,154.399994,158.899994,500400.0,2016,4,4
2016-04-04,SNI,68.440002,67.260002,67.019997,68.440002,1057900.0,2016,4,4
2016-04-04,SO,51.709999,51.529999,51.139999,51.779999,4262100.0,2016,4,4
2016-04-04,SPG,209.429993,208.759995,207.419998,210.410004,823300.0,2016,4,4
2016-04-04,SPGI,99.0,98.190002,97.959999,99.129997,699700.0,2016,4,4
2016-04-04,SPLS,11.09,11.04,11.0,11.28,9042100.0,2016,4,4
2016-04-04,SRCL,127.330002,127.480003,126.82,128.210007,818500.0,2016,4,4
2016-04-04,SRE,105.589996,105.129997,104.940002,105.620003,1376800.0,2016,4,4
2016-04-04,STI,36.59,36.5,36.330002,37.009998,2864400.0,2016,4,4
2016-04-04,STT,58.970001,58.799999,58.509998,59.389999,1674400.0,2016,4,4
2016-04-04,STX,33.669998,33.549999,33.23,33.84,2313200.0,2016,4,4
2016-04-04,STZ,153.169998,151.470001,150.330002,153.220001,1682000.0,2016,4,4
2016-04-04,SWK,106.540001,105.440002,105.139999,106.540001,880900.0,2016,4,4
2016-04-04,SWKS,78.360001,77.5,76.440002,78.459999,2054100.0,2016,4,4
2016-04-04,SWN,7.96,8.51,7.88,8.94,23401900.0,2016,4,4
2016-04-04,SYF,29.24,28.969999,28.860001,29.360001,3868200.0,2016,4,4
2016-04-04,SYK,109.0,109.330002,108.529999,109.790001,1235500.0,2016,4,4
2016-04-04,SYMC,18.459999,18.6,18.379999,18.639999,7388400.0,2016,4,4
2016-04-04,SYY,47.049999,46.990002,46.709999,47.150002,2334600.0,2016,4,4
2016-04-04,T,39.16,39.360001,39.07,39.360001,18038700.0,2016,4,4
2016-04-04,TAP,96.709999,96.010002,95.68,97.25,1400300.0,2016,4,4
2016-04-04,TDC,25.65,25.34,25.26,25.700001,1077300.0,2016,4,4
2016-04-04,TDG,220.979996,220.100006,219.070007,221.509995,380300.0,2016,4,4
2016-04-04,TEL,61.970001,61.27,61.0,62.040001,1158300.0,2016,4,4
2016-04-04,TGNA,22.889999,22.379999,22.309999,23.549999,2605300.0,2016,4,4
2016-04-04,TGT,82.889999,82.300003,82.120003,83.360001,3753600.0,2016,4,4
2016-04-04,TIF,73.620003,72.290001,72.050003,74.059998,2381500.0,2016,4,4
2016-04-04,TJX,79.0,78.559998,78.32,79.199997,1909200.0,2016,4,4
2016-04-04,TMK,54.59,54.060001,53.939999,54.669998,478800.0,2016,4,4
2016-04-04,TMO,142.179993,144.050003,142.160004,144.929993,1852000.0,2016,4,4
2016-04-04,TRIP,67.440002,65.089996,64.93,67.5,1155200.0,2016,4,4
2016-04-04,TROW,73.779999,73.029999,72.839996,73.980003,1012900.0,2016,4,4
2016-04-04,TRV,117.650002,117.559998,117.169998,118.279999,1096100.0,2016,4,4
2016-04-04,TSCO,91.650002,90.510002,90.230003,92.0,613500.0,2016,4,4
2016-04-04,TSN,68.050003,67.769997,67.209999,68.300003,2074100.0,2016,4,4
2016-04-04,TSO,81.839996,83.830002,81.769997,85.0,2095900.0,2016,4,4
2016-04-04,TSS,48.599998,48.41,48.310001,48.82,928900.0,2016,4,4
2016-04-04,TWX,73.459999,73.559998,72.580002,74.0,6325800.0,2016,4,4
2016-04-04,TXN,57.790001,57.720001,57.560001,58.0,3423700.0,2016,4,4
2016-04-04,TXT,36.689999,36.599998,36.290001,36.860001,2028100.0,2016,4,4
2016-04-04,UAA,85.160004,83.379997,82.900002,85.190002,3958600.0,2016,4,4
2016-04-04,UAL,56.59,55.849998,55.700001,57.599998,4622100.0,2016,4,4
2016-04-04,UDR,38.48,38.560001,38.369999,38.610001,1202200.0,2016,4,4
2016-04-04,UHS,125.309998,124.669998,123.790001,125.870003,764900.0,2016,4,4
2016-04-04,ULTA,194.679993,193.119995,191.369995,194.839996,583700.0,2016,4,4
2016-04-04,UNH,130.5,129.490005,128.880005,130.699997,2812400.0,2016,4,4
2016-04-04,UNM,31.309999,31.120001,31.02,31.51,1666000.0,2016,4,4
2016-04-04,UNP,78.720001,78.339996,78.169998,80.019997,3464800.0,2016,4,4
2016-04-04,UPS,105.040001,104.879997,104.650002,105.739998,2796200.0,2016,4,4
2016-04-04,URBN,34.5,33.560001,33.48,34.77,1873200.0,2016,4,4
2016-04-04,URI,60.540001,59.470001,59.360001,61.290001,2650600.0,2016,4,4
2016-04-04,USB,40.68,40.68,40.419998,40.849998,4685300.0,2016,4,4
2016-04-04,UTX,100.300003,100.269997,99.800003,101.18,3707400.0,2016,4,4
2016-04-04,V,77.970001,77.830002,77.529999,78.309998,6905800.0,2016,4,4
2016-04-04,VAR,81.5,82.050003,81.239998,82.620003,657800.0,2016,4,4
2016-04-04,VFC,65.309998,64.080002,63.959999,65.410004,1540900.0,2016,4,4
2016-04-04,VIAB,40.950001,39.560001,39.419998,41.939999,2749300.0,2016,4,4
2016-04-04,VLO,62.82,63.290001,62.549999,63.810001,3466400.0,2016,4,4
2016-04-04,VMC,107.040001,106.0,105.139999,107.040001,784500.0,2016,4,4
2016-04-04,VNO,94.709999,94.900002,94.709999,95.32,521500.0,2016,4,4
2016-04-04,VRSK,80.010002,79.449997,79.190002,81.589996,692400.0,2016,4,4
2016-04-04,VRSN,90.129997,89.550003,89.489998,91.150002,524100.0,2016,4,4
2016-04-04,VRTX,79.809998,82.870003,79.190002,84.400002,2744000.0,2016,4,4
2016-04-04,VTR,63.439999,63.580002,63.18,63.84,1736100.0,2016,4,4
2016-04-04,VZ,54.029999,54.419998,53.799999,54.419998,11402700.0,2016,4,4
2016-04-04,WAT,133.360001,132.889999,132.559998,134.259995,551300.0,2016,4,4
2016-04-04,WBA,86.639999,86.309998,84.82,86.790001,5114600.0,2016,4,4
2016-04-04,WDC,46.41,46.27,45.970001,47.0,3553700.0,2016,4,4
2016-04-04,WEC,60.0,60.110001,59.290001,60.32,1810900.0,2016,4,4
2016-04-04,WFC,48.419998,48.5,48.200001,48.669998,12110200.0,2016,4,4
2016-04-04,WFM,30.58,30.34,30.120001,30.77,4557900.0,2016,4,4
2016-04-04,WHR,183.940002,182.979996,182.070007,184.690002,1010700.0,2016,4,4
2016-04-04,WM,59.060001,58.68,58.52,59.130001,2558200.0,2016,4,4
2016-04-04,WMB,15.42,15.21,15.2,15.71,7176000.0,2016,4,4
2016-04-04,WMT,69.0,69.099998,68.919998,69.370003,6823400.0,2016,4,4
2016-04-04,WRK,39.0,37.84,37.779999,39.389999,1351300.0,2016,4,4
2016-04-04,WU,19.5,19.389999,19.33,19.58,2908900.0,2016,4,4
2016-04-04,WY,31.110001,31.190001,30.950001,31.450001,5358900.0,2016,4,4
2016-04-04,WYN,75.360001,75.419998,75.07,75.860001,1181300.0,2016,4,4
2016-04-04,WYNN,94.559998,93.400002,93.169998,96.220001,2755000.0,2016,4,4
2016-04-04,XEC,98.519997,94.769997,94.559998,98.610001,799300.0,2016,4,4
2016-04-04,XEL,42.009998,41.860001,41.419998,42.040001,2278300.0,2016,4,4
2016-04-04,XL,37.200001,36.790001,36.73,37.220001,1217100.0,2016,4,4
2016-04-04,XLNX,47.639999,47.139999,46.91,47.639999,2280100.0,2016,4,4
2016-04-04,XOM,83.059998,83.160004,82.779999,83.900002,8050200.0,2016,4,4
2016-04-04,XRAY,61.529999,61.400002,61.189999,62.130001,1184300.0,2016,4,4
2016-04-04,XRX,11.08,11.0,11.0,11.22,5486000.0,2016,4,4
2016-04-04,XYL,41.110001,40.779999,40.610001,41.16,1231700.0,2016,4,4
2016-04-04,YHOO,36.549999,37.02,36.540001,37.5,20227300.0,2016,4,4
2016-04-04,YUM,82.460003,81.900003,81.310002,82.500002,2851800.0,2016,4,4
2016-04-04,ZBH,107.720001,106.860001,106.550003,108.620003,1525700.0,2016,4,4
2016-04-04,ZION,24.200001,24.139999,24.0,24.58,2499100.0,2016,4,4
2016-04-04,ZTS,45.099998,45.759998,45.029999,46.040001,5400600.0,2016,4,4
2016-04-04,AIV,42.02,42.130001,41.84,42.189999,1057500.0,2016,4,4
2016-04-05,A,39.73,39.259998,39.189999,39.889999,1900700.0,2016,4,5
2016-04-05,AAL,39.130001,38.93,38.740002,39.380001,7648400.0,2016,4,5
2016-04-05,AAP,158.5,160.470001,158.100006,160.899994,724200.0,2016,4,5
2016-04-05,AAPL,109.510002,109.809998,109.419998,110.730003,26578700.0,2016,4,5
2016-04-05,ABBV,58.540001,58.540001,58.09,59.560001,6779400.0,2016,4,5
2016-04-05,ABC,86.370003,85.690002,85.580002,87.010002,2548800.0,2016,4,5
2016-04-05,ABT,42.009998,42.040001,41.889999,42.259998,6582700.0,2016,4,5
2016-04-05,ACN,114.489998,114.129997,113.900002,115.150002,2069700.0,2016,4,5
2016-04-05,ADBE,93.32,94.169998,93.220001,94.769997,2472600.0,2016,4,5
2016-04-05,ADI,58.43,58.48,58.290001,58.860001,1689400.0,2016,4,5
2016-04-05,ADM,35.57,35.110001,34.549999,35.57,5541000.0,2016,4,5
2016-04-05,ADP,90.690002,89.75,89.400002,90.690002,1783700.0,2016,4,5
2016-04-05,ADS,212.080002,210.0,207.639999,212.160004,1002100.0,2016,4,5
2016-04-05,ADSK,57.619999,57.110001,56.990002,57.959999,1138100.0,2016,4,5
2016-04-05,AEE,50.740002,49.52,49.48,50.790001,2311300.0,2016,4,5
2016-04-05,AEP,66.540001,65.400002,65.360001,66.620003,2580800.0,2016,4,5
2016-04-05,AES,11.27,11.07,11.06,11.32,9099700.0,2016,4,5
2016-04-05,AET,113.410004,111.120003,110.410004,113.849998,3488000.0,2016,4,5
2016-04-05,AFL,63.209999,63.720001,63.209999,64.099998,2238500.0,2016,4,5
2016-04-05,AGN,277.549988,236.550003,226.429993,277.549988,36591300.0,2016,4,5
2016-04-05,AIG,53.939999,53.68,53.580002,54.240002,6605600.0,2016,4,5
2016-04-05,AIZ,77.470001,77.379997,77.110001,78.190002,498600.0,2016,4,5
2016-04-05,AJG,44.09,43.73,43.709999,44.220001,590200.0,2016,4,5
2016-04-05,AKAM,54.189999,53.139999,52.759998,54.32,2116800.0,2016,4,5
2016-04-05,ALB,64.620003,64.5,64.059998,65.480003,822600.0,2016,4,5
2016-04-05,ALK,78.389999,79.68,78.25,81.470001,2760900.0,2016,4,5
2016-04-05,ALL,67.32,66.699997,66.639999,67.410004,1712100.0,2016,4,5
2016-04-05,ALLE,64.550003,64.699997,64.07,65.220001,979000.0,2016,4,5
2016-04-05,ALXN,145.979996,148.029999,145.210007,149.710007,1718900.0,2016,4,5
2016-04-05,AMAT,21.0,20.950001,20.879999,21.129999,8911600.0,2016,4,5
2016-04-05,AME,49.0,48.84,48.709999,49.32,785700.0,2016,4,5
2016-04-05,AMG,158.880005,159.240005,157.160004,160.690002,682200.0,2016,4,5
2016-04-05,AMGN,153.679993,152.949997,152.619995,155.160004,2604600.0,2016,4,5
2016-04-05,AMP,91.629997,91.910004,90.879997,92.480003,1652400.0,2016,4,5
2016-04-05,AMT,104.0,104.0,103.739998,104.389999,1661100.0,2016,4,5
2016-04-05,AMZN,590.77002,586.140015,585.25,593.469971,2308900.0,2016,4,5
2016-04-05,AN,45.200001,45.68,45.200001,46.27,1484000.0,2016,4,5
2016-04-05,ANTM,144.809998,143.339996,143.139999,145.880005,2115200.0,2016,4,5
2016-04-05,AON,103.599998,101.910004,101.849998,104.059998,2410100.0,2016,4,5
2016-04-05,APA,46.400002,47.330002,46.150002,48.18,2575400.0,2016,4,5
2016-04-05,APC,44.0,44.099998,43.779999,44.990002,4394400.0,2016,4,5
2016-04-05,APD,141.999992,142.699996,141.519995,143.389988,1016800.0,2016,4,5
2016-04-05,APH,57.93,58.209999,57.84,58.52,1543100.0,2016,4,5
2016-04-05,ARNC,9.290007,9.410007,9.260007,9.550007,6537600.0,2016,4,5
2016-04-05,ATVI,33.91,33.709999,33.599998,34.349998,5672900.0,2016,4,5
2016-04-05,AVB,188.820007,189.679993,188.570007,190.059998,579900.0,2016,4,5
2016-04-05,AVGO,154.449997,155.029999,154.449997,157.050003,5691500.0,2016,4,5
2016-04-05,AVY,72.699997,72.059998,71.650002,72.800003,971000.0,2016,4,5
2016-04-05,AWK,69.57,69.050003,68.989998,69.82,1655700.0,2016,4,5
2016-04-05,AXP,60.139999,60.189999,59.68,60.439999,4640000.0,2016,4,5
2016-04-05,AYI,217.470001,225.0,217.470001,226.679993,940400.0,2016,4,5
2016-04-05,AZO,789.619995,787.599976,786.48999,792.98999,269200.0,2016,4,5
2016-04-05,BA,126.150002,127.029999,125.580002,128.589996,4660100.0,2016,4,5
2016-04-05,BAC,13.3,13.19,13.16,13.34,78445900.0,2016,4,5
2016-04-05,BAX,41.799999,41.310001,41.139999,41.990002,5425300.0,2016,4,5
2016-04-05,BBBY,49.009998,49.060001,48.799999,49.459999,2383500.0,2016,4,5
2016-04-05,BBT,33.32,33.060001,33.009998,33.459999,4378900.0,2016,4,5
2016-04-05,BBY,31.799999,31.219999,31.200001,31.91,3120700.0,2016,4,5
2016-04-05,BCR,205.759995,202.839996,202.149994,206.279999,486200.0,2016,4,5
2016-04-05,BDX,154.029999,152.860001,152.559998,155.960007,1087600.0,2016,4,5
2016-04-05,BEN,38.490002,38.450001,38.32,38.830002,2297200.0,2016,4,5
2016-04-05,BHI,40.790001,39.360001,38.16,41.080002,11392700.0,2016,4,5
2016-04-05,BIIB,262.279999,265.619995,262.149994,267.75,1700700.0,2016,4,5
2016-04-05,BK,36.59,36.52,36.389999,36.889999,6456800.0,2016,4,5
2016-04-05,BLK,335.920013,334.799988,331.450012,336.660004,523900.0,2016,4,5
2016-04-05,BLL,70.279999,70.510002,69.239998,70.860001,1480900.0,2016,4,5
2016-04-05,BMY,65.830002,65.760002,65.599998,66.800003,4340100.0,2016,4,5
2016-04-05,BSX,19.299999,19.17,19.15,19.549999,10290200.0,2016,4,5
2016-04-05,BWA,34.82,35.18,34.57,35.790001,1907700.0,2016,4,5
2016-04-05,BXP,127.099998,127.029999,126.660004,128.059998,521400.0,2016,4,5
2016-04-05,C,41.450001,41.509998,41.119999,41.900002,17867800.0,2016,4,5
2016-04-05,CA,30.549999,30.35,30.309999,30.719999,3685000.0,2016,4,5
2016-04-05,CAG,45.269999,45.089997,44.92,45.470001,3246700.0,2016,4,5
2016-04-05,CAH,82.540001,81.309998,81.190002,82.860001,1883300.0,2016,4,5
2016-04-05,CAT,75.32,75.239998,74.599998,75.849998,4386800.0,2016,4,5
2016-04-05,CB,119.989998,117.949997,117.610001,120.0,1927000.0,2016,4,5
2016-04-05,CBG,28.92,28.889999,28.83,29.209999,2838700.0,2016,4,5
2016-04-05,CBS,54.240002,54.259998,53.720001,54.57,3719600.0,2016,4,5
2016-04-05,CCI,86.629997,86.150002,85.980003,86.989998,1895900.0,2016,4,5
2016-04-05,CCL,52.189999,51.5,51.32,52.310001,5511500.0,2016,4,5
2016-04-05,CELG,99.959999,102.120003,99.860001,102.699997,4738300.0,2016,4,5
2016-04-05,CERN,54.150002,54.029999,53.599998,54.349998,1413900.0,2016,4,5
2016-04-05,CF,30.040001,30.110001,29.67,31.34,4790600.0,2016,4,5
2016-04-05,CFG,21.280001,20.76,20.690001,21.344999,6993200.0,2016,4,5
2016-04-05,CHD,92.599998,93.940002,92.110001,94.269997,3489200.0,2016,4,5
2016-04-05,CHK,3.61,3.76,3.53,3.78,26995600.0,2016,4,5
2016-04-05,CHRW,72.870003,73.529999,72.870003,74.129997,781000.0,2016,4,5
2016-04-05,CHTR,202.75,203.309998,202.149994,204.529999,1237100.0,2016,4,5
2016-04-05,CI,140.970001,135.490005,135.470001,141.210007,2720900.0,2016,4,5
2016-04-05,CINF,65.010002,64.639999,64.550003,65.32,431400.0,2016,4,5
2016-04-05,CL,71.129997,71.139999,70.989998,71.470001,3870600.0,2016,4,5
2016-04-05,CLX,128.009995,128.070007,127.589996,129.330002,1503000.0,2016,4,5
2016-04-05,CMA,37.509998,37.34,37.150002,37.720001,2164500.0,2016,4,5
2016-04-05,CMCSA,60.84,61.130001,60.799999,61.43,7190700.0,2016,4,5
2016-04-05,CME,97.470001,94.529999,94.349998,97.519997,1563200.0,2016,4,5
2016-04-05,CMG,461.25,463.420013,460.230011,470.190002,629500.0,2016,4,5
2016-04-05,CMI,107.489998,108.019997,106.629997,109.360001,1993100.0,2016,4,5
2016-04-05,CMS,42.209999,41.77,41.740002,42.650002,2001400.0,2016,4,5
2016-04-05,CNC,61.099998,60.630001,60.18,61.139999,2668300.0,2016,4,5
2016-04-05,CNP,20.889999,20.51,20.5,20.969999,3407400.0,2016,4,5
2016-04-05,COF,68.099998,68.529999,67.790001,68.949997,3455200.0,2016,4,5
2016-04-05,COG,22.42,22.32,22.1,22.620001,7657900.0,2016,4,5
2016-04-05,COH,39.860001,39.709999,39.689999,40.07,1940200.0,2016,4,5
2016-04-05,COL,91.889999,91.379997,91.209999,92.379997,527000.0,2016,4,5
2016-04-05,COO,155.460007,155.419998,154.009995,157.080002,305400.0,2016,4,5
2016-04-05,COP,38.75,39.040001,38.189999,39.290001,7838100.0,2016,4,5
2016-04-05,COST,157.889999,155.990005,155.720001,158.0,1855600.0,2016,4,5
2016-04-05,COTY,28.49,28.389999,28.23,28.67,728400.0,2016,4,5
2016-04-05,CPB,65.410004,64.400002,64.190002,65.480003,2785200.0,2016,4,5
2016-04-05,CRM,74.879997,74.580002,74.360001,75.510002,2365400.0,2016,4,5
2016-04-05,CSCO,27.639999,27.58,27.459999,27.83,24245700.0,2016,4,5
2016-04-05,CSRA,26.690001,26.389999,25.975,26.860001,1312200.0,2016,4,5
2016-04-05,CSX,25.02,25.049999,24.719999,25.209999,9088300.0,2016,4,5
2016-04-05,CTAS,87.269997,88.339996,87.269997,89.18,692900.0,2016,4,5
2016-04-05,CTL,32.220001,32.099998,31.790001,32.419998,5271200.0,2016,4,5
2016-04-05,CTSH,61.349998,61.18,60.889999,61.560001,2551400.0,2016,4,5
2016-04-05,CTXS,79.129997,78.510002,77.660004,79.129997,1379400.0,2016,4,5
2016-04-05,CVS,104.029999,103.18,102.949997,104.209999,4367600.0,2016,4,5
2016-04-05,CVX,93.0,92.669998,92.43,93.349998,6662000.0,2016,4,5
2016-04-05,CXO,96.480003,97.480003,95.870003,98.739998,1824500.0,2016,4,5
2016-04-05,D,73.599998,73.050003,72.139999,73.739998,7976200.0,2016,4,5
2016-04-05,DAL,46.970001,47.16,46.720001,47.810001,6506900.0,2016,4,5
2016-04-05,DD,63.240002,63.169998,63.130001,64.080002,2679200.0,2016,4,5
2016-04-05,DE,75.400002,76.07,75.269997,76.629997,2494200.0,2016,4,5
2016-04-05,DFS,50.369999,51.220001,50.09,51.259998,5133000.0,2016,4,5
2016-04-05,DG,85.75,84.660004,84.449997,85.75,3434300.0,2016,4,5
2016-04-05,DGX,71.370003,71.43,71.349998,72.290001,1240900.0,2016,4,5
2016-04-05,DHI,29.610001,29.700001,29.450001,30.16,3737400.0,2016,4,5
2016-04-05,DHR,93.149998,93.270001,92.850005,93.450001,2722800.0,2016,4,5
2016-04-05,DIS,96.849998,97.0,96.150002,97.610001,10818800.0,2016,4,5
2016-04-05,DISCA,28.65,28.620001,28.360001,28.83,2386800.0,2016,4,5
2016-04-05,DISCK,27.34,27.49,27.16,27.709999,1659200.0,2016,4,5
2016-04-05,DLPH,69.790001,71.010002,68.629997,71.540001,2166300.0,2016,4,5
2016-04-05,DLR,89.139999,88.839996,88.650002,90.019997,1163200.0,2016,4,5
2016-04-05,DLTR,81.730003,80.400002,80.169998,81.790001,2359300.0,2016,4,5
2016-04-05,DNB,103.440002,103.529999,102.699997,104.550003,238800.0,2016,4,5
2016-04-05,DOV,62.32,62.310001,61.68,62.580002,1454000.0,2016,4,5
2016-04-05,DOW,50.689999,50.740002,50.630001,51.279999,4539100.0,2016,4,5
2016-04-05,DPS,90.449997,91.279999,90.220001,91.959999,2442900.0,2016,4,5
2016-04-05,DRI,66.620003,64.800003,64.339996,66.620003,3905200.0,2016,4,5
2016-04-05,DTE,90.5,89.050003,88.919998,90.720001,1298600.0,2016,4,5
2016-04-05,DUK,81.059998,79.900002,79.769997,81.389999,3002200.0,2016,4,5
2016-04-05,DVA,73.029999,73.029999,72.309998,73.419998,1472600.0,2016,4,5
2016-04-05,DVN,25.610001,26.389999,25.549999,26.84,10035400.0,2016,4,5
2016-04-05,EA,65.099998,65.449997,65.050003,65.959999,2281800.0,2016,4,5
2016-04-05,EBAY,23.690001,24.389999,23.65,24.67,16589800.0,2016,4,5
2016-04-05,ECL,111.260002,111.300003,110.970001,112.029999,656900.0,2016,4,5
2016-04-05,ED,76.790001,75.730003,75.610001,76.940002,2972600.0,2016,4,5
2016-04-05,EFX,114.849998,114.57,113.959999,115.540001,621400.0,2016,4,5
2016-04-05,EIX,71.730003,70.440002,70.349998,71.870003,2511600.0,2016,4,5
2016-04-05,EL,95.379997,95.099998,94.900002,95.900002,743300.0,2016,4,5
2016-04-05,EMN,71.980003,72.139999,71.529999,72.360001,762400.0,2016,4,5
2016-04-05,EMR,54.040001,53.509998,53.18,54.209999,3198800.0,2016,4,5
2016-04-05,ENDP,27.85,26.91,26.540001,28.09,8791700.0,2016,4,5
2016-04-05,EOG,69.889999,70.540001,69.660004,71.360001,3467500.0,2016,4,5
2016-04-05,EQIX,330.0,328.640015,328.23999,333.209991,427200.0,2016,4,5
2016-04-05,EQR,74.290001,74.019997,73.910004,74.82,1665300.0,2016,4,5
2016-04-05,EQT,65.800003,64.43,64.160004,65.989998,1463800.0,2016,4,5
2016-04-05,ES,58.509998,57.080002,57.029999,58.66,2299900.0,2016,4,5
2016-04-05,ESRX,67.529999,67.239998,66.889999,68.169998,6165700.0,2016,4,5
2016-04-05,ESS,232.020004,231.860001,230.869995,233.990005,295400.0,2016,4,5
2016-04-05,ETFC,24.15,23.93,23.77,24.43,4126900.0,2016,4,5
2016-04-05,ETN,61.68,60.389999,60.220001,61.709999,6084400.0,2016,4,5
2016-04-05,ETR,78.739998,77.089996,76.970001,78.889999,2338800.0,2016,4,5
2016-04-05,EVHC,19.219999,19.1,18.860001,19.48,3007900.0,2016,4,5
2016-04-05,EW,103.660004,103.540001,102.709999,104.910004,4165400.0,2016,4,5
2016-04-05,EXC,35.330002,34.599998,34.549999,35.34,6124000.0,2016,4,5
2016-04-05,EXPD,47.57,47.779999,47.360001,48.049999,1160600.0,2016,4,5
2016-04-05,EXPE,104.620003,104.050003,102.419998,104.980003,3831400.0,2016,4,5
2016-04-05,EXR,92.849998,92.629997,92.480003,93.440002,417000.0,2016,4,5
2016-04-05,F,12.73,12.77,12.52,12.85,32425000.0,2016,4,5
2016-04-05,FAST,48.73,47.380001,46.84,48.73,3667800.0,2016,4,5
2016-04-05,FB,112.110001,112.220001,111.900002,113.32,22962400.0,2016,4,5
2016-04-05,FBHS,55.16,55.43,54.98,55.75,640500.0,2016,4,5
2016-04-05,FCX,9.26,9.34,9.22,9.62,32380200.0,2016,4,5
2016-04-05,FDX,162.160004,161.940002,161.649994,163.009995,1147500.0,2016,4,5
2016-04-05,FE,35.57,35.07,34.849998,35.689999,5229400.0,2016,4,5
2016-04-05,FFIV,104.239998,103.339996,102.839996,104.669998,845300.0,2016,4,5
2016-04-05,FIS,63.990002,63.439999,63.369999,64.18,1204900.0,2016,4,5
2016-04-05,FISV,101.160004,100.970001,100.839996,102.110001,1234600.0,2016,4,5
2016-04-05,FITB,16.5,16.440001,16.360001,16.68,6897500.0,2016,4,5
2016-04-05,FL,63.41,62.799999,61.950001,63.59,3155800.0,2016,4,5
2016-04-05,FLIR,32.740002,32.400002,32.23,32.759998,775900.0,2016,4,5
2016-04-05,FLR,52.119999,52.049999,51.889999,52.650002,1241400.0,2016,4,5
2016-04-05,FLS,42.049999,42.099998,41.700001,42.27,1431100.0,2016,4,5
2016-04-05,FMC,38.82,38.16,38.099998,39.220001,1534300.0,2016,4,5
2016-04-05,FOX,28.799999,28.799999,28.65,29.0,2089800.0,2016,4,5
2016-04-05,FOXA,28.370001,28.35,28.23,28.629999,7163900.0,2016,4,5
2016-04-05,FRT,156.330002,155.740005,155.610001,156.979996,268600.0,2016,4,5
2016-04-05,FSLR,65.230003,62.419998,62.299999,65.970001,4834700.0,2016,4,5
2016-04-05,FTI,26.83,26.98,26.59,27.27,3088100.0,2016,4,5
2016-04-05,FTR,5.4,5.23,5.22,5.43,14354800.0,2016,4,5
2016-04-05,GD,131.339996,130.839996,130.619995,132.330002,1488700.0,2016,4,5
2016-04-05,GE,30.950001,30.98,30.780001,31.129999,31282100.0,2016,4,5
2016-04-05,GGP,29.15,29.01,28.940001,29.299999,2446700.0,2016,4,5
2016-04-05,GILD,93.550003,95.57,93.5,96.690002,11808600.0,2016,4,5
2016-04-05,GIS,65.370003,64.279999,64.220001,65.489998,4835500.0,2016,4,5
2016-04-05,GLW,20.58,20.610001,20.43,20.74,5955700.0,2016,4,5
2016-04-05,GM,29.67,29.6,29.35,29.73,9101900.0,2016,4,5
2016-04-05,GOOG,738.0,737.799988,735.369995,742.799988,1132300.0,2016,4,5
2016-04-05,GOOGL,758.130005,758.570007,755.599976,762.869995,1223900.0,2016,4,5
2016-04-05,GPC,98.529999,97.720001,97.339996,98.879997,1180400.0,2016,4,5
2016-04-05,GPN,64.419998,65.150002,64.209999,65.910004,1878600.0,2016,4,5
2016-04-05,GPS,29.35,28.690001,28.68,29.450001,5401200.0,2016,4,5
2016-04-05,GRMN,40.060001,40.049999,39.860001,40.330002,1375000.0,2016,4,5
2016-04-05,GS,156.440002,155.350006,154.550003,156.529999,2822700.0,2016,4,5
2016-04-05,GT,31.139999,31.25,30.809999,31.51,4906200.0,2016,4,5
2016-04-05,GWW,231.660004,233.649994,229.520004,234.759995,706100.0,2016,4,5
2016-04-05,HAL,33.650002,34.400002,33.259998,34.720001,17338900.0,2016,4,5
2016-04-05,HAR,83.800003,82.169998,81.68,84.129997,1141300.0,2016,4,5
2016-04-05,HAS,79.739998,77.800003,77.779999,79.989998,1352100.0,2016,4,5
2016-04-05,HBAN,9.38,9.41,9.35,9.54,14762700.0,2016,4,5
2016-04-05,HBI,27.629999,26.85,26.799999,27.68,4882400.0,2016,4,5
2016-04-05,HCA,78.080002,78.239998,77.669998,78.669998,3204500.0,2016,4,5
2016-04-05,HCN,69.489998,69.410004,68.970001,70.150002,1638600.0,2016,4,5
2016-04-05,HCP,32.800002,33.080001,32.630002,33.100002,2703800.0,2016,4,5
2016-04-05,HD,134.199997,134.580002,133.899994,135.699997,4068600.0,2016,4,5
2016-04-05,HES,49.939999,51.259998,49.52,51.43,3202500.0,2016,4,5
2016-04-05,HIG,45.73,45.759998,45.689999,46.209999,1947300.0,2016,4,5
2016-04-05,HOG,50.650002,49.84,49.77,51.029999,3923600.0,2016,4,5
2016-04-05,HOLX,35.150002,34.779999,34.630001,35.220001,3272400.0,2016,4,5
2016-04-05,HON,111.959999,111.779999,111.330002,112.470001,3321700.0,2016,4,5
2016-04-05,HP,56.049999,56.779999,56.0,57.84,1366600.0,2016,4,5
2016-04-05,HPE,17.870001,17.610001,17.559999,17.91,8300000.0,2016,4,5
2016-04-05,HPQ,12.1,11.95,11.93,12.14,15487800.0,2016,4,5
2016-04-05,HRB,26.219999,25.42,25.200001,26.23,5544100.0,2016,4,5
2016-04-05,HRL,42.580002,42.240002,41.93,42.869999,5827900.0,2016,4,5
2016-04-05,HRS,76.339996,75.059998,75.010002,76.389999,1464000.0,2016,4,5
2016-04-05,HSIC,171.649994,169.440002,169.360001,172.270004,398400.0,2016,4,5
2016-04-05,HST,15.55,15.44,15.2,15.58,14426400.0,2016,4,5
2016-04-05,HSY,92.82,91.339996,91.080002,92.989998,1123600.0,2016,4,5
2016-04-05,HUM,182.839996,181.029999,178.380005,183.259995,1681600.0,2016,4,5
2016-04-05,IBM,151.429993,150.0,149.649994,151.600006,3337000.0,2016,4,5
2016-04-05,ICE,235.380001,237.210007,233.759995,238.829994,4575000.0,2016,4,5
2016-04-05,IDXX,79.230003,79.190002,78.82,79.839996,847300.0,2016,4,5
2016-04-05,IFF,115.040001,115.339996,114.760002,116.279999,558700.0,2016,4,5
2016-04-05,ILMN,166.0,163.729996,163.449997,167.639999,886400.0,2016,4,5
2016-04-05,INTC,31.889999,31.9,31.719999,32.119999,20080000.0,2016,4,5
2016-04-05,INTU,104.43,103.900002,103.779999,104.860001,956600.0,2016,4,5
2016-04-05,IP,40.09,39.869999,39.630001,40.330002,4843200.0,2016,4,5
2016-04-05,IPG,22.74,22.780001,22.620001,22.950001,4228400.0,2016,4,5
2016-04-05,IR,60.77,60.150002,60.009998,60.860001,2517200.0,2016,4,5
2016-04-05,IRM,32.610001,32.619999,32.349998,32.810001,1206000.0,2016,4,5
2016-04-05,ISRG,617.52002,612.919983,609.359985,619.25,318500.0,2016,4,5
2016-04-05,ITW,102.040001,101.800003,101.360001,102.349998,1032800.0,2016,4,5
2016-04-05,IVZ,30.469999,30.690001,30.18,30.860001,4782500.0,2016,4,5
2016-04-05,JBHT,83.870003,82.940002,81.0,84.199997,687900.0,2016,4,5
2016-04-05,JCI,35.939999,35.419998,35.009998,35.939999,5803000.0,2016,4,5
2016-04-05,JEC,42.57,42.43,42.240002,42.869999,908600.0,2016,4,5
2016-04-05,JNJ,108.230003,108.949997,108.010002,109.839996,7939000.0,2016,4,5
2016-04-05,JNPR,25.049999,25.23,24.969999,25.379999,5625500.0,2016,4,5
2016-04-05,JPM,58.59,58.360001,58.209999,58.830002,12886600.0,2016,4,5
2016-04-05,JWN,55.41,54.880001,54.59,55.549999,2460100.0,2016,4,5
2016-04-05,K,77.900002,76.809998,76.650002,78.0,1991700.0,2016,4,5
2016-04-05,KEY,10.8,10.8,10.76,10.91,12108400.0,2016,4,5
2016-04-05,KHC,78.470001,78.010002,77.889999,78.849998,2679600.0,2016,4,5
2016-04-05,KIM,28.27,28.15,28.09,28.360001,1750600.0,2016,4,5
2016-04-05,KLAC,72.510002,72.370003,72.269997,72.949997,677400.0,2016,4,5
2016-04-05,KMB,136.179993,136.25,135.910004,136.970001,1369500.0,2016,4,5
2016-04-05,KMI,17.139999,17.01,16.84,17.299999,17496100.0,2016,4,5
2016-04-05,KMX,50.5,51.220001,50.5,51.360001,2620700.0,2016,4,5
2016-04-05,KO,46.619999,46.529999,46.439999,46.810001,10696700.0,2016,4,5
2016-04-05,KORS,56.220001,55.900002,55.82,56.709999,2496600.0,2016,4,5
2016-04-05,KR,37.700001,38.220001,37.59,38.369999,9840200.0,2016,4,5
2016-04-05,KSS,44.950001,44.91,44.41,45.220001,1889400.0,2016,4,5
2016-04-05,KSU,84.910004,86.580002,84.690002,87.040001,1147500.0,2016,4,5
2016-04-05,L,37.689999,37.689999,37.599998,37.970001,781900.0,2016,4,5
2016-04-05,LB,86.150002,85.629997,85.459999,86.32,1280500.0,2016,4,5
2016-04-05,LEG,47.939999,47.779999,47.68,48.110001,1101900.0,2016,4,5
2016-04-05,LEN,46.59,46.790001,46.049999,47.200001,1691600.0,2016,4,5
2016-04-05,LH,117.379997,117.300003,117.07,118.57,940700.0,2016,4,5
2016-04-05,LKQ,32.549999,31.5,31.49,32.549999,2410600.0,2016,4,5
2016-04-05,LLL,118.830002,119.120003,118.360001,119.940002,536100.0,2016,4,5
2016-04-05,LLTC,44.639999,44.459999,44.330002,44.950001,1737600.0,2016,4,5
2016-04-05,LLY,72.779999,73.040001,72.480003,73.650002,3591800.0,2016,4,5
2016-04-05,LMT,224.029999,225.619995,222.820007,227.029999,1437300.0,2016,4,5
2016-04-05,LNC,38.970001,38.580002,38.490002,39.09,2178100.0,2016,4,5
2016-04-05,LNT,74.599998,73.510002,73.360001,74.809998,2135200.0,2016,4,5
2016-04-05,LOW,75.650002,75.870003,75.550003,76.529999,4080500.0,2016,4,5
2016-04-05,LRCX,81.82,81.690002,81.559998,82.730003,1880600.0,2016,4,5
2016-04-05,LUK,15.93,15.98,15.91,16.17,2250000.0,2016,4,5
2016-04-05,LUV,43.810001,43.630001,43.529999,44.16,4979200.0,2016,4,5
2016-04-05,LVLT,51.970001,51.400002,51.09,51.970001,2175200.0,2016,4,5
2016-04-05,LYB,84.870003,84.870003,84.239998,85.290001,2559400.0,2016,4,5
2016-04-05,M,42.0,41.470001,41.34,42.099998,3140400.0,2016,4,5
2016-04-05,MA,94.099998,94.349998,93.889999,95.410004,5378300.0,2016,4,5
2016-04-05,MAA,101.410004,101.790001,100.93,102.230003,420600.0,2016,4,5
2016-04-05,MAC,79.129997,79.150002,78.760002,79.339996,1002600.0,2016,4,5
2016-04-05,MAR,65.879997,65.839996,65.260002,66.089996,5785500.0,2016,4,5
2016-04-05,MAS,31.370001,31.5,31.16,31.68,3076800.0,2016,4,5
2016-04-05,MAT,33.509998,33.080002,33.040001,33.700001,3366700.0,2016,4,5
2016-04-05,MCD,126.839996,127.379997,126.389999,127.779999,6282200.0,2016,4,5
2016-04-05,MCHP,48.0,48.650002,47.889999,49.290001,3769100.0,2016,4,5
2016-04-05,MCK,156.369995,154.690002,154.330002,157.559998,1176300.0,2016,4,5
2016-04-05,MCO,94.949997,93.769997,93.589996,95.370003,1227100.0,2016,4,5
2016-04-05,MDLZ,40.700001,41.029999,40.700001,41.150002,10274900.0,2016,4,5
2016-04-05,MDT,75.489998,75.489998,74.629997,75.949997,7164700.0,2016,4,5
2016-04-05,MET,43.27,42.889999,42.720001,43.27,5449200.0,2016,4,5
2016-04-05,MHK,188.0,189.220001,186.160004,189.649994,373800.0,2016,4,5
2016-04-05,MJN,84.330002,83.43,82.959999,84.449997,1187500.0,2016,4,5
2016-04-05,MKC,100.260002,99.089996,98.800003,100.660004,1417600.0,2016,4,5
2016-04-05,MLM,158.830002,159.360001,157.830002,161.160004,652900.0,2016,4,5
2016-04-05,MMC,60.740002,60.439999,60.34,60.959999,1498500.0,2016,4,5
2016-04-05,MMM,165.179993,165.809998,164.649994,166.550003,1617400.0,2016,4,5
2016-04-05,MNK,63.650002,62.5,62.380001,65.199997,2311200.0,2016,4,5
2016-04-05,MNST,134.160004,134.619999,133.310005,135.799999,4981500.0,2016,4,5
2016-04-05,MO,63.040001,62.93,62.790001,63.27,4729100.0,2016,4,5
2016-04-05,MON,87.040001,86.639999,85.779999,87.660004,2875100.0,2016,4,5
2016-04-05,MOS,25.6,25.370001,25.17,25.799999,3911900.0,2016,4,5
2016-04-05,MPC,36.34,36.279999,35.740002,37.009998,4397400.0,2016,4,5
2016-04-05,MRK,54.09,54.240002,53.990002,54.720001,9000800.0,2016,4,5
2016-04-05,MRO,10.4,10.63,10.32,10.87,21366000.0,2016,4,5
2016-04-05,MSFT,55.189999,54.560001,54.459999,55.299999,19272300.0,2016,4,5
2016-04-05,MSI,75.970001,75.709999,75.089996,76.220001,1647500.0,2016,4,5
2016-04-05,MTB,110.879997,109.980003,109.790001,111.150002,599000.0,2016,4,5
2016-04-05,MTD,350.070007,348.390015,345.51001,359.619995,113100.0,2016,4,5
2016-04-05,MU,10.63,10.4,10.38,10.72,20760300.0,2016,4,5
2016-04-05,MUR,23.5,23.49,23.290001,24.27,4613200.0,2016,4,5
2016-04-05,MYL,46.25,45.919998,45.599998,46.549999,5762300.0,2016,4,5
2016-04-05,NAVI,11.59,11.44,11.405,11.69,4037100.0,2016,4,5
2016-04-05,NBL,29.57,30.17,29.469999,30.549999,3766100.0,2016,4,5
2016-04-05,NDAQ,65.150002,64.980003,64.900002,65.620003,1091700.0,2016,4,5
2016-04-05,NEE,118.300003,116.349998,116.150002,118.900002,2200700.0,2016,4,5
2016-04-05,NEM,26.83,27.299999,26.5,27.33,6211700.0,2016,4,5
2016-04-05,NFLX,103.470001,104.940002,103.25,105.75,10060900.0,2016,4,5
2016-04-05,NFX,31.27,31.610001,30.879999,32.169998,2389900.0,2016,4,5
2016-04-05,NI,23.51,23.24,23.219999,23.67,3483500.0,2016,4,5
2016-04-05,NKE,59.619999,59.669998,59.439999,60.169998,7554000.0,2016,4,5
2016-04-05,NLSN,52.77,52.330002,51.970001,52.77,3057100.0,2016,4,5
2016-04-05,NOC,200.75,202.270004,200.75,203.880005,873000.0,2016,4,5
2016-04-05,NOV,29.42,29.030001,28.700001,29.58,4772000.0,2016,4,5
2016-04-05,NRG,12.7,12.21,12.2,12.75,12557900.0,2016,4,5
2016-04-05,NSC,81.75,81.199997,80.82,82.110001,1119600.0,2016,4,5
2016-04-05,NTAP,26.5,26.629999,26.219999,26.83,2792000.0,2016,4,5
2016-04-05,NTRS,64.910004,64.559998,64.129997,65.389999,930600.0,2016,4,5
2016-04-05,NUE,46.5,46.779999,46.5,47.07,2049000.0,2016,4,5
2016-04-05,NVDA,35.48,35.75,35.34,36.080002,8489200.0,2016,4,5
2016-04-05,NWL,44.91,44.77,44.580002,45.189999,5218800.0,2016,4,5
2016-04-05,NWS,13.06,13.05,13.01,13.19,560900.0,2016,4,5
2016-04-05,NWSA,12.69,12.61,12.53,12.87,2933300.0,2016,4,5
2016-04-05,O,62.0,62.860001,62.0,62.919998,1719800.0,2016,4,5
2016-04-05,OKE,28.1,28.43,27.91,29.07,2425500.0,2016,4,5
2016-04-05,OMC,83.760002,83.32,83.150002,83.870003,1299800.0,2016,4,5
2016-04-05,ORCL,40.849998,40.529999,40.459999,41.060001,9111300.0,2016,4,5
2016-04-05,ORLY,271.170013,270.51001,269.98999,271.920013,575800.0,2016,4,5
2016-04-05,OXY,67.480003,67.419998,66.940002,68.080002,4191400.0,2016,4,5
2016-04-05,PAYX,54.509998,53.110001,53.049999,54.509998,2165700.0,2016,4,5
2016-04-05,PBCT,15.51,15.64,15.51,15.86,4028200.0,2016,4,5
2016-04-05,PBI,21.16,21.120001,21.09,21.309999,1878000.0,2016,4,5
2016-04-05,PCAR,53.209999,52.830002,52.549999,53.279999,2333000.0,2016,4,5
2016-04-05,PCG,59.380001,58.23,58.189999,59.529999,3240700.0,2016,4,5
2016-04-05,PCLN,1270.0,1279.079956,1265.560059,1287.859985,373200.0,2016,4,5
2016-04-05,PDCO,46.049999,45.099998,44.970001,46.209999,1061800.0,2016,4,5
2016-04-05,PEG,46.919998,46.200001,46.040001,47.040001,3012600.0,2016,4,5
2016-04-05,PEP,103.769997,103.099998,102.870003,103.93,3589200.0,2016,4,5
2016-04-05,PFE,31.209999,31.360001,30.58,31.75,284468100.0,2016,4,5
2016-04-05,PFG,38.93,38.599998,38.509998,39.060001,1691400.0,2016,4,5
2016-04-05,PG,83.160004,83.160004,82.989998,83.559998,5259100.0,2016,4,5
2016-04-05,PGR,35.07,34.650002,34.650002,35.169998,4073700.0,2016,4,5
2016-04-05,PH,108.699997,108.849998,108.010002,109.699997,1153000.0,2016,4,5
2016-04-05,PHM,16.9,17.559999,16.73,17.65,16094600.0,2016,4,5
2016-04-05,PKI,49.130001,48.580002,48.470001,49.5,848300.0,2016,4,5
2016-04-05,PLD,44.029999,44.119999,43.939999,44.310001,2067500.0,2016,4,5
2016-04-05,PM,100.0,100.260002,99.879997,100.410004,3524300.0,2016,4,5
2016-04-05,PNC,84.389999,82.940002,82.860001,84.68,3120300.0,2016,4,5
2016-04-05,PNR,52.779999,51.360001,51.290001,52.779999,1618700.0,2016,4,5
2016-04-05,PNW,75.199997,74.290001,74.220001,75.470001,996200.0,2016,4,5
2016-04-05,PPG,111.489998,111.43,110.910004,112.040001,1319200.0,2016,4,5
2016-04-05,PPL,37.919998,37.330002,37.200001,37.990002,4191700.0,2016,4,5
2016-04-05,PRGO,126.269997,128.509995,125.099998,129.440002,2490400.0,2016,4,5
2016-04-05,PRU,71.410004,71.199997,70.870003,71.82,2147100.0,2016,4,5
2016-04-05,PSA,275.130005,273.850006,272.910004,276.799988,524600.0,2016,4,5
2016-04-05,PSX,85.080002,84.809998,84.209999,85.690002,2126100.0,2016,4,5
2016-04-05,PVH,96.800003,96.489998,96.339996,97.720001,1010500.0,2016,4,5
2016-04-05,PWR,22.030001,22.049999,21.98,22.4,2158300.0,2016,4,5
2016-04-05,PX,113.82,112.989998,112.379997,114.449997,1285900.0,2016,4,5
2016-04-05,PXD,137.419998,141.039993,137.419998,142.050003,2036100.0,2016,4,5
2016-04-05,PYPL,38.349998,38.549999,37.700001,38.810001,5364800.0,2016,4,5
2016-04-05,QCOM,50.439999,50.07,50.0,50.529999,6863300.0,2016,4,5
2016-04-05,QRVO,50.029999,49.860001,49.68,50.619999,768800.0,2016,4,5
2016-04-05,R,62.720001,62.490002,62.25,62.889999,1065800.0,2016,4,5
2016-04-05,RAI,49.869999,50.5,49.650002,50.619999,5812800.0,2016,4,5
2016-04-05,RCL,81.470001,80.339996,80.099998,81.879997,2027300.0,2016,4,5
2016-04-05,REGN,401.850006,403.649994,399.290009,411.850006,1025800.0,2016,4,5
2016-04-05,RF,7.76,7.66,7.66,7.82,14743300.0,2016,4,5
2016-04-05,RHI,45.700001,45.119999,45.009998,45.779999,1938700.0,2016,4,5
2016-04-05,RHT,74.540001,74.059998,73.769997,75.029999,1450800.0,2016,4,5
2016-04-05,RIG,8.47,8.64,8.34,8.74,14438600.0,2016,4,5
2016-04-05,RL,93.419998,93.849998,92.839996,94.879997,1015200.0,2016,4,5
2016-04-05,ROK,110.970001,111.370003,110.419998,111.860001,836500.0,2016,4,5
2016-04-05,ROP,179.020004,178.720001,178.429993,179.550003,454400.0,2016,4,5
2016-04-05,ROST,57.68,57.900002,57.509998,58.52,2314400.0,2016,4,5
2016-04-05,RRC,32.700001,31.639999,31.34,32.779999,3620800.0,2016,4,5
2016-04-05,RSG,45.990002,46.52,45.700001,46.52,2874400.0,2016,4,5
2016-04-05,RTN,123.800003,126.029999,123.580002,126.440002,2655700.0,2016,4,5
2016-04-05,SBUX,59.880001,60.040001,59.439999,60.23,4994800.0,2016,4,5
2016-04-05,SCG,70.599998,69.760002,69.580002,70.900002,944900.0,2016,4,5
2016-04-05,SCHW,27.629999,27.389999,27.120001,27.700001,6736200.0,2016,4,5
2016-04-05,SE,29.440001,28.9,28.84,29.9,13579900.0,2016,4,5
2016-04-05,SEE,48.18,48.290001,47.900002,48.700001,1792500.0,2016,4,5
2016-04-05,SHW,283.829987,287.23999,283.820007,289.429993,607700.0,2016,4,5
2016-04-05,SIG,119.540001,119.860001,118.5,121.089996,591500.0,2016,4,5
2016-04-05,SJM,127.43,126.010002,125.139999,127.639999,1997400.0,2016,4,5
2016-04-05,SLB,72.010002,72.660004,71.959999,73.150002,9575200.0,2016,4,5
2016-04-05,SLG,95.550003,95.510002,95.300003,95.910004,880700.0,2016,4,5
2016-04-05,SNA,153.550003,153.660004,152.509995,154.300003,497800.0,2016,4,5
2016-04-05,SNI,66.699997,66.68,65.800003,66.93,1402000.0,2016,4,5
2016-04-05,SO,51.290001,50.650002,50.619999,51.580002,4815000.0,2016,4,5
2016-04-05,SPG,207.970001,207.050003,206.610001,208.509995,966900.0,2016,4,5
2016-04-05,SPGI,97.089996,96.379997,95.980003,97.150002,764100.0,2016,4,5
2016-04-05,SPLS,10.93,10.88,10.84,11.34,19360900.0,2016,4,5
2016-04-05,SRCL,126.839996,126.800003,125.980003,126.940002,1100700.0,2016,4,5
2016-04-05,SRE,104.550003,103.080002,102.959999,104.639999,1191900.0,2016,4,5
2016-04-05,STI,36.040001,35.75,35.709999,36.240002,3942200.0,2016,4,5
2016-04-05,STT,58.009998,57.610001,56.560001,58.240002,4117800.0,2016,4,5
2016-04-05,STX,33.27,32.860001,32.650002,33.400002,3464300.0,2016,4,5
2016-04-05,STZ,151.0,151.360001,149.600006,152.279999,2194200.0,2016,4,5
2016-04-05,SWK,104.889999,104.57,104.279999,105.480003,638000.0,2016,4,5
2016-04-05,SWKS,76.449997,77.07,76.139999,77.379997,2075100.0,2016,4,5
2016-04-05,SWN,8.36,7.81,7.78,8.38,17874700.0,2016,4,5
2016-04-05,SYF,28.610001,28.610001,28.4,28.790001,5062000.0,2016,4,5
2016-04-05,SYK,108.870003,107.040001,106.650002,109.290001,2635000.0,2016,4,5
2016-04-05,SYMC,18.469999,18.370001,18.309999,18.5,8742900.0,2016,4,5
2016-04-05,SYY,46.919998,46.700001,46.529999,47.150002,3600300.0,2016,4,5
2016-04-05,T,39.290001,39.189999,39.0,39.360001,24887400.0,2016,4,5
2016-04-05,TAP,95.120003,93.980003,93.550003,95.25,1494500.0,2016,4,5
2016-04-05,TDC,25.110001,25.16,25.02,25.299999,1244100.0,2016,4,5
2016-04-05,TDG,219.649994,219.300003,218.740005,220.639999,483600.0,2016,4,5
2016-04-05,TEL,60.759998,60.849998,60.529999,61.380001,1735700.0,2016,4,5
2016-04-05,TGNA,22.15,22.25,22.02,22.42,1928200.0,2016,4,5
2016-04-05,TGT,82.150002,82.099998,81.809998,82.599998,4397200.0,2016,4,5
2016-04-05,TIF,71.699997,71.75,71.339996,72.160004,1947900.0,2016,4,5
2016-04-05,TJX,78.099998,77.709999,77.57,78.489998,2263500.0,2016,4,5
2016-04-05,TMK,53.529999,53.599998,53.41,53.950001,440100.0,2016,4,5
2016-04-05,TMO,143.360001,141.380005,140.960007,143.360001,1410400.0,2016,4,5
2016-04-05,TRIP,64.089996,63.959999,63.09,64.790001,1801400.0,2016,4,5
2016-04-05,TROW,72.510002,72.339996,72.080002,72.709999,1047100.0,2016,4,5
2016-04-05,TRV,117.07,116.129997,116.019997,117.839996,1215100.0,2016,4,5
2016-04-05,TSCO,89.870003,88.809998,88.620003,90.519997,633000.0,2016,4,5
2016-04-05,TSN,67.699997,67.440002,66.949997,67.779999,3249000.0,2016,4,5
2016-04-05,TSO,83.279999,82.709999,82.160004,84.599998,1633400.0,2016,4,5
2016-04-05,TSS,47.950001,47.900002,47.790001,48.59,919200.0,2016,4,5
2016-04-05,TWX,72.980003,72.720001,72.519997,73.269997,4594300.0,2016,4,5
2016-04-05,TXN,57.549999,57.709999,57.380001,58.279999,4455900.0,2016,4,5
2016-04-05,TXT,36.310001,36.400002,36.119999,36.599998,3189300.0,2016,4,5
2016-04-05,UAA,83.080002,83.540001,82.169998,84.18,3658000.0,2016,4,5
2016-04-05,UAL,55.490002,55.580002,55.099998,55.849998,2727400.0,2016,4,5
2016-04-05,UDR,38.330002,38.200001,37.990002,38.529999,1280800.0,2016,4,5
2016-04-05,UHS,123.5,122.68,122.57,124.139999,616500.0,2016,4,5
2016-04-05,ULTA,192.270004,193.75,192.009995,195.020004,765300.0,2016,4,5
2016-04-05,UNH,128.949997,127.040001,126.900002,129.460007,4440000.0,2016,4,5
2016-04-05,UNM,30.799999,30.67,30.52,31.120001,2693000.0,2016,4,5
2016-04-05,UNP,77.550003,78.620003,77.290001,78.980003,3614300.0,2016,4,5
2016-04-05,UPS,104.400002,103.919998,103.739998,104.739998,2178700.0,2016,4,5
2016-04-05,URBN,33.32,32.110001,31.889999,33.43,3636200.0,2016,4,5
2016-04-05,URI,58.400002,58.48,58.200001,59.43,2308600.0,2016,4,5
2016-04-05,USB,40.25,40.049999,39.84,40.41,6223900.0,2016,4,5
2016-04-05,UTX,99.75,99.860001,99.339996,100.349998,3120400.0,2016,4,5
2016-04-05,V,77.139999,76.970001,76.580002,77.470001,6012000.0,2016,4,5
2016-04-05,VAR,81.339996,80.620003,80.510002,81.650002,380300.0,2016,4,5
2016-04-05,VFC,63.93,63.400002,63.18,64.190002,1454700.0,2016,4,5
2016-04-05,VIAB,39.139999,38.75,37.650002,39.41,3892400.0,2016,4,5
2016-04-05,VLO,63.09,63.139999,62.73,63.860001,3946700.0,2016,4,5
2016-04-05,VMC,104.849998,105.559998,104.610001,105.830002,894900.0,2016,4,5
2016-04-05,VNO,94.470001,94.190002,93.989998,95.010002,665300.0,2016,4,5
2016-04-05,VRSK,78.800003,78.709999,78.480003,79.400002,479300.0,2016,4,5
2016-04-05,VRSN,89.18,88.709999,88.519997,89.690002,1273200.0,2016,4,5
2016-04-05,VRTX,82.540001,84.160004,81.519997,86.480003,2849000.0,2016,4,5
2016-04-05,VTR,63.450001,63.540001,63.049999,63.689999,1456600.0,2016,4,5
2016-04-05,VZ,54.380001,54.09,53.950001,54.490002,12979100.0,2016,4,5
2016-04-05,WAT,131.470001,131.009995,130.559998,131.889999,860800.0,2016,4,5
2016-04-05,WBA,85.769997,83.360001,82.550003,86.0,9433900.0,2016,4,5
2016-04-05,WDC,45.75,44.130001,43.82,45.900002,6061600.0,2016,4,5
2016-04-05,WEC,60.009998,58.98,58.970001,60.099998,3575200.0,2016,4,5
2016-04-05,WFC,48.080002,47.509998,47.459999,48.09,18297700.0,2016,4,5
2016-04-05,WFM,30.190001,30.219999,30.120001,30.469999,5377100.0,2016,4,5
2016-04-05,WHR,181.800003,181.160004,180.029999,184.160004,858400.0,2016,4,5
2016-04-05,WM,58.25,58.25,58.130001,58.419998,4811300.0,2016,4,5
2016-04-05,WMB,15.09,14.81,14.62,15.2,7657100.0,2016,4,5
2016-04-05,WMT,69.029999,68.639999,68.269997,69.25,5779000.0,2016,4,5
2016-04-05,WRK,37.470001,36.470001,36.189999,37.650002,1503700.0,2016,4,5
2016-04-05,WU,19.15,19.290001,19.129999,19.49,5398700.0,2016,4,5
2016-04-05,WY,30.870001,30.780001,30.709999,31.059999,5740800.0,2016,4,5
2016-04-05,WYN,75.040001,74.919998,74.580002,75.279999,924200.0,2016,4,5
2016-04-05,WYNN,91.620003,90.919998,90.400002,93.300003,4427100.0,2016,4,5
2016-04-05,XEC,94.160004,94.93,93.209999,95.790001,821000.0,2016,4,5
2016-04-05,XEL,41.68,40.950001,40.860001,41.849998,4397800.0,2016,4,5
2016-04-05,XL,36.599998,36.080002,36.040001,36.669998,1464700.0,2016,4,5
2016-04-05,XLNX,46.900002,46.91,46.810001,47.139999,2204200.0,2016,4,5
2016-04-05,XOM,82.610001,82.209999,81.989998,83.129997,10446800.0,2016,4,5
2016-04-05,XRAY,61.130001,60.669998,60.330002,61.32,1625300.0,2016,4,5
2016-04-05,XRX,10.94,10.98,10.88,11.04,6099400.0,2016,4,5
2016-04-05,XYL,41.209999,41.009998,40.68,41.459999,1412600.0,2016,4,5
2016-04-05,YHOO,36.700001,36.41,36.220001,36.919998,12443000.0,2016,4,5
2016-04-05,YUM,81.900003,81.570003,81.02,82.410002,2519100.0,2016,4,5
2016-04-05,ZBH,106.07,105.980003,105.529999,107.169998,1348500.0,2016,4,5
2016-04-05,ZION,23.790001,23.66,23.540001,24.02,2393400.0,2016,4,5
2016-04-05,ZTS,45.259998,45.849998,45.009998,45.98,6004300.0,2016,4,5
2016-04-05,AIV,41.849998,41.740002,41.599998,42.16,1003400.0,2016,4,5
